season,player_name,name_key,position,team,ecr,ecr_sd,best,worst,ecr_rank,pos_rank,scrape_date,proj_ppg,proj_games,proj_points,replacement_rank,replacement_ppg,replacement_points,VORP,vorp_ppg,is_streamed,adp_rank,ffc_adp,adp_sd
2026,Jahmyr Gibbs,jahmyr gibbs,RB,DET,3.01,1.65,1.0,7.0,2,1,2026-08-14,17.480024018810752,14.506575469134702,253.57528763116545,28,9.217244954749557,127.0929008726215,126.48238675854395,8.262779064061196,False,2,1.5,0.7
2026,Bijan Robinson,bijan robinson,RB,ATL,3.5,1.6,1.0,7.0,4,2,2026-08-14,16.832825347881716,14.506575469134702,244.1866512678097,28,9.217244954749557,127.0929008726215,117.09375039518821,7.615580393132159,False,4,2.1,0.7
2026,Christian McCaffrey,christian mccaffrey,RB,SF,9.29,5.12,2.0,31.0,8,3,2026-08-14,16.19329383320852,14.506575469134702,234.909239085313,28,9.217244954749557,127.0929008726215,107.8163382126915,6.976048878458965,False,8,6.7,1.5
2026,Josh Allen,josh allen,QB,BUF,25.86,2.48,21.0,36.0,25,1,2026-08-14,20.73520807280832,16.37938027428855,339.6298580910253,12,17.13447293279512,238.13776965069272,101.4920884403326,3.6007351400131995,False,25,29.5,6.6
2026,Jonathan Taylor,jonathan taylor,RB,IND,11.77,5.03,6.0,33.0,10,4,2026-08-14,15.622726703764773,14.506575469134702,226.6322639618297,28,9.217244954749557,127.0929008726215,99.5393630892082,6.405481749015216,False,10,5.9,1.3
2026,Ashton Jeanty,ashton jeanty,RB,LV,17.07,5.84,7.0,39.0,14,5,2026-08-14,15.113386465857241,14.506575469134702,219.24348136115708,28,9.217244954749557,127.0929008726215,92.15058048853558,5.896141511107684,False,14,15.6,2.9
2026,Ja'Marr Chase,ja marr chase,WR,CIN,1.67,0.96,1.0,4.0,1,1,2026-08-14,15.48277562085239,14.714492457776768,227.82118509848252,28,9.70410835216612,140.31628944882755,87.50489564965497,5.77866726868627,False,1,4.1,1.0
2026,Chase Brown,chase brown,RB,CIN,17.85,6.26,7.0,34.0,15,6,2026-08-14,14.653919813119705,14.506575469134702,212.57819368766928,28,9.217244954749557,127.0929008726215,85.48529281504779,5.436674858370148,False,15,14.9,2.6
2026,Puka Nacua,puka nacua,WR,LAR,3.21,1.4,1.0,9.0,3,2,2026-08-14,15.279311823906678,14.714492457776768,224.8273185928942,28,9.70410835216612,140.31628944882755,84.51102914406664,5.575203471740558,False,3,2.9,0.5
2026,Lamar Jackson,lamar jackson,QB,BAL,32.31,9.26,25.0,59.0,31,2,2026-08-14,20.73520807280832,15.360828270134547,318.50997035191614,12,17.13447293279512,238.13776965069272,80.37220070122342,3.6007351400131995,False,31,55.1,8.8
2026,Trey McBride,trey mcbride,TE,ARI,19.47,5.73,15.0,33.0,17,1,2026-08-14,11.995861159376577,14.411814131742046,172.88212137911887,16,6.4466510716284615,92.90793701650507,79.9741843626138,5.549210087748116,False,17,40.5,7.7
2026,James Cook III,james cook,RB,BUF,18.3,7.01,7.0,33.0,16,7,2026-08-14,14.235062290505876,14.506575469134702,206.502005425057,28,9.217244954749557,127.0929008726215,79.40910455243551,5.01781733575632,False,16,9.7,2.7
2026,Jaxon Smith-Njigba,jaxon smith njigba,WR,SEA,4.69,1.37,1.0,9.0,5,3,2026-08-14,14.91712426351143,14.714492457776768,219.49791246715776,28,9.70410835216612,140.31628944882755,79.18162301833021,5.213015911345311,False,5,5.4,1.3
2026,De'Von Achane,de von achane,RB,MIA,20.88,6.26,10.0,33.0,21,8,2026-08-14,13.849728086459919,14.506575469134702,200.91212571322535,28,9.217244954749557,127.0929008726215,73.81922484060385,4.632483131710362,False,21,11.4,2.1
2026,Amon-Ra St. Brown,amon ra st brown,WR,DET,5.64,1.23,4.0,9.0,6,4,2026-08-14,14.551293121784534,14.714492457776768,214.1148928913975,28,9.70410835216612,140.31628944882755,73.79860344256994,4.847184769618414,False,6,7.6,1.5
2026,Drake Maye,drake maye,QB,NE,39.19,14.57,26.0,92.0,40,3,2026-08-14,20.73520807280832,14.882095411733951,308.5833449216895,12,17.13447293279512,238.13776965069272,70.44557527099678,3.6007351400131995,False,40,50.3,8.0
2026,CeeDee Lamb,ceedee lamb,WR,DAL,8.7,1.63,6.0,16.0,7,5,2026-08-14,14.205307135827933,14.714492457776768,209.02388471054263,28,9.70410835216612,140.31628944882755,68.70759526171508,4.501198783661813,False,7,12.6,2.3
2026,Omarion Hampton,omarion hampton,RB,LAC,25.64,7.39,11.0,46.0,24,9,2026-08-14,13.492499175120233,14.506575469134702,195.72995755111938,28,9.217244954749557,127.0929008726215,68.63705667849788,4.275254220370677,False,24,22.1,4.0
2026,Brock Bowers,brock bowers,TE,LV,20.44,3.47,11.0,32.0,19,2,2026-08-14,11.010899290004001,14.411814131742046,158.68703399086814,16,6.4466510716284615,92.90793701650507,65.77909697436307,4.56424821837554,False,19,42.5,10.1
2026,Joe Burrow,joe burrow,QB,CIN,45.77,12.34,27.0,72.0,46,4,2026-08-14,20.73520807280832,14.594840950742688,302.62706390319323,12,17.13447293279512,238.13776965069272,64.48929425250051,3.6007351400131995,False,46,55.1,9.1
2026,Justin Jefferson,justin jefferson,WR,MIN,9.58,2.63,5.0,20.0,9,6,2026-08-14,13.882260612291734,14.714492457776768,204.2704190764582,28,9.70410835216612,140.31628944882755,63.954129627630664,4.178152260125614,False,9,14.4,2.5
2026,Saquon Barkley,saquon barkley,RB,PHI,25.94,7.1,10.0,41.0,26,10,2026-08-14,13.159174532571857,14.506575469134702,190.89455846826903,28,9.217244954749557,127.0929008726215,63.80165759564753,3.9419295778223002,False,26,18.1,3.3
2026,Jayden Daniels,jayden daniels,QB,WAS,49.78,14.77,27.0,92.0,48,5,2026-08-14,20.73520807280832,14.401989557501144,298.62825013719885,12,17.13447293279512,238.13776965069272,60.49048048650613,3.6007351400131995,False,48,72.2,10.5
2026,Drake London,drake london,WR,ATL,12.35,3.39,8.0,26.0,11,7,2026-08-14,13.580814441107014,14.714492457776768,199.83479166413497,28,9.70410835216612,140.31628944882755,59.51850221530742,3.876706088940894,False,11,11.3,1.9
2026,Kenneth Walker III,kenneth walker,RB,KC,29.29,9.13,14.0,56.0,28,11,2026-08-14,12.84644170412854,14.506575469134702,186.35787609078008,28,9.217244954749557,127.0929008726215,59.26497521815858,3.629196749378984,False,28,23.5,4.5
2026,Colston Loveland,colston loveland,TE,CHI,37.97,14.42,22.0,97.0,37,3,2026-08-14,10.310391007681211,14.411814131742046,148.5914388282862,16,6.4466510716284615,92.90793701650507,55.68350181178111,3.86373993605275,False,37,60.2,8.0
2026,A.J. Brown,aj brown,WR,NE,14.71,5.48,6.0,35.0,12,8,2026-08-14,13.298719514485953,14.714492457776768,195.68390799399228,28,9.70410835216612,140.31628944882755,55.36761854516473,3.5946111623198327,False,12,18.8,2.8
2026,Derrick Henry,derrick henry,RB,BAL,37.78,8.23,17.0,56.0,36,12,2026-08-14,12.551645819842982,14.506575469134702,182.08139734740132,28,9.217244954749557,127.0929008726215,54.98849647477982,3.334400865093425,False,36,10.5,1.5
2026,Jalen Hurts,jalen hurts,QB,PHI,56.94,11.02,27.0,79.0,57,6,2026-08-14,20.318717901553608,14.263848961934405,289.82312324791343,12,17.13447293279512,238.13776965069272,51.68535359722071,3.184244968758488,False,57,76.8,10.5
2026,Nico Collins,nico collins,WR,HOU,16.37,4.14,11.0,36.0,13,9,2026-08-14,13.03373531404117,14.714492457776768,191.7847999751175,28,9.70410835216612,140.31628944882755,51.46851052628995,3.32962696187505,False,13,21.9,2.7
2026,Jeremiyah Love,jeremiyah love,RB,ARI,38.13,7.09,22.0,65.0,38,13,2026-08-14,12.272626875428827,14.506575469134702,178.03378797293908,28,9.217244954749557,127.0929008726215,50.94088710031758,3.0553819206792703,False,38,32.1,4.7
2026,George Pickens,george pickens,WR,DAL,19.88,6.22,12.0,51.0,18,10,2026-08-14,12.783864567242086,14.714492457776768,188.10807875592332,28,9.70410835216612,140.31628944882755,47.79178930709577,3.0797562150759656,False,18,19.3,2.2
2026,Tyler Warren,tyler warren,TE,IND,53.48,10.41,22.0,87.0,52,4,2026-08-14,9.757710318921792,14.411814131742046,140.62630746768227,16,6.4466510716284615,92.90793701650507,47.718370451177194,3.31105924729333,False,52,69.9,9.3
2026,Breece Hall,breece hall,RB,NYJ,40.83,6.55,26.0,67.0,41,14,2026-08-14,12.007603609221672,14.506575469134702,174.1892079606284,28,9.217244954749557,127.0929008726215,47.09630708800691,2.790358654472115,False,41,28.5,2.8
2026,Chris Olave,chris olave,WR,NO,20.57,7.04,11.0,51.0,20,11,2026-08-14,12.54738819407604,14.714492457776768,184.62844894652915,28,9.70410835216612,140.31628944882755,44.3121594977016,2.8432798419099203,False,20,24.1,2.7
2026,Kyren Williams,kyren williams,RB,LAR,41.87,6.68,23.0,56.0,42,15,2026-08-14,11.755089271474976,14.480664464636934,170.22150349208255,28,9.217244954749557,127.0929008726215,43.12860261946105,2.537844316725419,False,42,28.5,3.6
2026,Caleb Williams,caleb williams,QB,CHI,68.07,10.9,37.0,98.0,65,7,2026-08-14,19.7882506260875,14.160685594096876,280.21519557321574,12,17.13447293279512,238.13776965069272,42.07742592252302,2.65377769329238,False,65,92.2,17.0
2026,Tucker Kraft,tucker kraft,TE,GB,72.87,12.62,32.0,111.0,70,5,2026-08-14,9.297199441283713,14.411814131742046,133.98951029351687,16,6.4466510716284615,92.90793701650507,41.0815732770118,2.850548369655251,False,70,94.2,15.9
2026,Rashee Rice,rashee rice,WR,KC,22.15,9.15,8.0,48.0,22,12,2026-08-14,12.322842055895599,14.714492457776768,181.32436648985015,28,9.70410835216612,140.31628944882755,41.0080770410226,2.618733703729479,False,22,15.6,2.5
2026,Josh Jacobs,josh jacobs,RB,GB,44.17,7.16,29.0,61.0,43,16,2026-08-14,11.513829495967157,14.427291827722573,166.11337819295807,28,9.217244954749557,127.0929008726215,39.02047732033657,2.2965845412176,False,43,25.8,3.2
2026,DeVonta Smith,devonta smith,WR,PHI,23.99,7.6,11.0,48.0,23,13,2026-08-14,12.108980203177541,14.714492457776768,178.17749787102412,28,9.70410835216612,140.31628944882755,37.86120842219657,2.4048718510114213,False,23,31.2,3.6
2026,Harold Fannin Jr.,harold fannin,TE,CLE,76.95,15.73,32.0,173.0,73,6,2026-08-14,8.900299240421745,14.411814131742046,128.2694583698431,16,6.4466510716284615,92.90793701650507,35.361521353338034,2.4536481687932836,False,73,81.1,6.5
2026,Javonte Williams,javonte williams,RB,DAL,45.66,6.3,31.0,61.0,45,17,2026-08-14,11.282755731231818,14.373334741106452,162.17082492713223,28,9.217244954749557,127.0929008726215,35.07792405451073,2.0655107764822613,False,45,35.1,4.3
2026,Malik Nabers,malik nabers,WR,NYG,28.55,11.16,8.0,60.0,27,14,2026-08-14,11.904738849224783,14.714492457776768,175.17219000872015,28,9.70410835216612,140.31628944882755,34.8559005598926,2.200630497058663,False,27,27.9,3.5
2026,Justin Herbert,justin herbert,QB,LAC,70.0,11.18,37.0,101.0,68,8,2026-08-14,19.246587611368245,14.08141831611297,271.0192513133938,12,17.13447293279512,238.13776965069272,32.88148166270108,2.112114678573125,False,68,106.2,14.1
2026,Zay Flowers,zay flowers,WR,BAL,29.37,7.59,12.0,44.0,29,15,2026-08-14,11.709205098762947,14.714492457776768,172.29501011230866,28,9.70410835216612,140.31628944882755,31.978720663481113,2.005096746596827,False,29,24.5,2.5
2026,Travis Etienne Jr.,travis etienne,RB,NO,50.99,7.98,34.0,72.0,50,18,2026-08-14,11.06094980587164,14.319072353407956,158.3825405676897,28,9.217244954749557,127.0929008726215,31.28963969506819,1.8437048511220837,False,50,42.7,5.3
2026,Sam LaPorta,sam laporta,TE,DET,82.49,10.07,54.0,97.0,81,7,2026-08-14,8.550246640508234,14.411814131742046,123.22456536355654,16,6.4466510716284615,92.90793701650507,30.316628347051463,2.103595568879773,False,81,89.0,13.6
2026,Garrett Wilson,garrett wilson,WR,NYJ,30.29,6.99,15.0,46.0,30,16,2026-08-14,11.521591002010942,14.714492457776768,169.53436390067867,28,9.70410835216612,140.31628944882755,29.218074451851123,1.8174826498448216,False,30,30.8,3.2
2026,Cam Skattebo,cam skattebo,RB,NYG,54.84,8.9,39.0,86.0,54,19,2026-08-14,10.847616589045447,14.264716137438132,154.73817141049818,28,9.217244954749557,127.0929008726215,27.645270537876684,1.6303716342958907,False,54,34.9,4.1
2026,Tetairoa McMillan,tetairoa mcmillan,WR,CAR,33.7,7.48,14.0,46.0,32,17,2026-08-14,11.341212405267981,14.714492457776768,166.88018439936002,28,9.70410835216612,140.31628944882755,26.56389495053247,1.6371040531018615,False,32,35.0,4.2
2026,Kyle Pitts Sr.,kyle pitts,TE,ATL,82.88,9.33,66.0,111.0,82,8,2026-08-14,8.236294246129944,14.411814131742046,118.69994180956122,16,6.4466510716284615,92.90793701650507,25.79200479305615,1.7896431745014825,False,82,82.1,6.9
2026,Bucky Irving,bucky irving,RB,TB,57.86,8.33,33.0,77.0,58,20,2026-08-14,10.642062626098564,14.2104271470912,151.2282556429557,28,9.217244954749557,127.0929008726215,24.135354770334203,1.4248176713490075,False,58,48.1,5.7
2026,Trevor Lawrence,trevor lawrence,QB,JAC,79.86,12.48,59.0,108.0,76,9,2026-08-14,18.705504780459282,14.019279841661563,262.23770609679684,12,17.13447293279512,238.13776965069272,24.099936446104124,1.5710318476641625,False,76,93.6,13.0
2026,Tee Higgins,tee higgins,WR,CIN,34.77,7.37,19.0,52.0,33,18,2026-08-14,11.167471808547482,14.714492457776768,164.3236796993066,28,9.70410835216612,140.31628944882755,24.007390250479062,1.4633634563813622,False,33,35.3,4.5
2026,Travis Kelce,travis kelce,TE,KC,98.69,13.65,66.0,138.0,95,9,2026-08-14,7.951105909899708,14.411814131742046,114.5898605152703,16,6.4466510716284615,92.90793701650507,21.68192349876523,1.5044548382712462,False,95,122.3,18.6
2026,Ladd McConkey,ladd mcconkey,WR,LAC,35.74,6.91,14.0,48.0,34,19,2026-08-14,10.999844468117054,14.714492457776768,161.8571284628259,28,9.70410835216612,140.31628944882755,21.54083901399835,1.295736115950934,False,34,41.8,4.8
2026,D'Andre Swift,d andre swift,RB,CHI,59.55,7.42,43.0,80.0,60,21,2026-08-14,10.443679247101475,14.156328419003268,147.84415332469726,28,9.217244954749557,127.0929008726215,20.75125245207576,1.226434292351918,False,60,43.3,6.7
2026,Emeka Egbuka,emeka egbuka,WR,TB,37.67,7.99,14.0,55.0,35,20,2026-08-14,10.837867093479804,14.693670369464774,159.24804657966152,28,9.70410835216612,140.31628944882755,18.931757130833972,1.1337587413136845,False,35,36.7,5.3
2026,George Kittle,george kittle,TE,SF,105.31,21.17,73.0,229.0,104,10,2026-08-14,7.689433528641322,14.411814131742046,110.81868679316412,16,6.4466510716284615,92.90793701650507,17.910749776659046,1.2427824570128605,False,104,115.5,19.4
2026,Quinshon Judkins,quinshon judkins,RB,CLE,60.99,8.96,41.0,78.0,61,22,2026-08-14,10.251929067823163,14.102514021762662,144.57797342909237,28,9.217244954749557,127.0929008726215,17.485072556470868,1.034684113073606,False,61,52.0,5.8
2026,Jaylen Waddle,jaylen waddle,WR,DEN,38.17,7.48,18.0,59.0,39,21,2026-08-14,10.681128610672001,14.664610580019126,156.63459163060563,28,9.70410835216612,140.31628944882755,16.31830218177808,0.9770202585058811,False,39,46.9,6.0
2026,Dak Prescott,dak prescott,QB,DAL,80.01,12.87,37.0,108.0,77,10,2026-08-14,18.171211369329956,13.969874590672731,253.849543990146,12,17.13447293279512,238.13776965069272,15.711774339453285,1.0367384365348364,False,77,66.1,8.1
2026,Jake Ferguson,jake ferguson,TE,DAL,113.4,15.91,73.0,160.0,114,11,2026-08-14,7.447383250180079,14.411814131742046,107.33030316944426,16,6.4466510716284615,92.90793701650507,14.42236615293919,1.0007321785516172,False,114,147.2,16.8
2026,David Montgomery,david montgomery,RB,HOU,61.73,9.12,42.0,84.0,62,23,2026-08-14,10.0663350950003,14.049055749063143,141.42250293841005,28,9.217244954749557,127.0929008726215,14.32960206578855,0.8490901402507429,False,62,57.6,6.8
2026,Terry McLaurin,terry mclaurin,WR,WAS,44.65,5.89,26.0,68.0,44,22,2026-08-14,10.529262572451687,14.635355036552099,154.0994960209103,28,9.70410835216612,140.31628944882755,13.783206572082747,0.8251542202855671,False,44,43.9,4.1
2026,Luther Burden III,luther burden,WR,CHI,46.29,7.39,28.0,83.0,47,23,2026-08-14,10.381940885323647,14.605988448272402,151.63850864168415,28,9.70410835216612,140.31628944882755,11.322219192856608,0.6778325331575275,False,47,58.3,6.5
2026,TreVeyon Henderson,treveyon henderson,RB,NE,64.21,9.84,41.0,89.0,63,24,2026-08-14,9.886471853378348,13.996008130618392,138.37114044301325,28,9.217244954749557,127.0929008726215,11.278239570391747,0.669226898628791,False,63,58.5,5.4
2026,Dalton Kincaid,dalton kincaid,TE,BUF,114.64,14.17,95.0,155.0,116,12,2026-08-14,7.2219803714526405,14.411814131742046,104.08183877646483,16,6.4466510716284615,92.90793701650507,11.173901759959762,0.775329299824179,False,116,143.9,21.7
2026,Davante Adams,davante adams,WR,LAR,50.67,8.08,36.0,81.0,49,24,2026-08-14,10.238868594323032,14.576579093159467,149.24767788961617,28,9.70410835216612,140.31628944882755,8.931388440788623,0.5347602421569118,False,49,37.4,3.6
2026,Bhayshul Tuten,bhayshul tuten,RB,JAC,70.03,10.68,47.0,99.0,69,25,2026-08-14,9.711958098648136,13.943412224686112,135.4178352783297,28,9.217244954749557,127.0929008726215,8.324934405708206,0.49471314389857923,False,69,53.3,5.5
2026,Isaiah Likely,isaiah likely,TE,NYG,116.67,25.51,85.0,229.0,117,13,2026-08-14,7.010897316292867,14.411814131742046,101.03974901914194,16,6.4466510716284615,92.90793701650507,8.131812002636863,0.5642462446644059,False,117,137.4,19.3
2026,Jaxson Dart,jaxson dart,QB,NYG,94.7,12.62,63.0,119.0,93,11,2026-08-14,17.64698244408162,13.930209175042275,245.82615675435574,12,17.13447293279512,238.13776965069272,7.688387103663018,0.512509511286499,False,93,115.0,16.9
2026,DJ Moore,dj moore,WR,BUF,52.14,9.31,28.0,76.0,51,25,2026-08-14,10.09977952195585,14.547182176319819,146.92333264655605,28,9.70410835216612,140.31628944882755,6.607043197728501,0.3956711697897308,False,51,50.0,5.7
2026,Jadarian Price,jadarian price,RB,SEA,75.71,8.56,43.0,89.0,71,26,2026-08-14,9.542450786374697,13.891298516683268,132.55703245428992,28,9.217244954749557,127.0929008726215,5.4641315816684255,0.3252058316251407,False,71,76.6,11.9
2026,Dallas Goedert,dallas goedert,TE,PHI,122.31,16.33,87.0,158.0,122,14,2026-08-14,6.812276096921868,14.411814131742046,98.17725692294712,16,6.4466510716284615,92.90793701650507,5.26931990644205,0.3656250252934061,False,122,112.8,17.5
2026,Mike Evans,mike evans,WR,SF,54.06,9.53,38.0,82.0,53,26,2026-08-14,9.964432600771222,14.517842425542312,144.66206235793337,28,9.70410835216612,140.31628944882755,4.345772909105818,0.2603242486051016,False,53,53.4,6.6
2026,Jaylen Warren,jaylen warren,RB,PIT,75.93,7.26,63.0,102.0,72,27,2026-08-14,9.377640044545894,13.839689154220181,129.78362321668266,28,9.217244954749557,127.0929008726215,2.6907223440611574,0.16039508979633688,False,72,68.0,6.7
2026,Mark Andrews,mark andrews,TE,BAL,127.48,20.12,95.0,173.0,128,15,2026-08-14,6.624608235708178,14.411814131742046,95.47262258863385,16,6.4466510716284615,92.90793701650507,2.5646855721287807,0.17795716407971618,False,128,133.6,20.0
2026,Jameson Williams,jameson williams,WR,DET,56.01,9.85,42.0,100.0,55,27,2026-08-14,9.832608772441606,14.488596116156852,142.46069727208726,28,9.70410835216612,140.31628944882755,2.144407823259712,0.12850042027548625,False,55,39.4,4.2
2026,Brock Purdy,brock purdy,QB,SF,97.35,9.37,63.0,125.0,94,12,2026-08-14,17.13447293279512,13.898167196897003,238.13776965069272,12,17.13447293279512,238.13776965069272,0.0,0.0,False,94,85.7,12.0
2026,Christian Watson,christian watson,WR,GB,56.57,12.34,40.0,115.0,56,28,2026-08-14,9.70410835216612,14.459472664225416,140.31628944882755,28,9.70410835216612,140.31628944882755,0.0,0.0,False,56,58.5,6.6
2026,Tony Pollard,tony pollard,RB,TEN,81.52,8.37,58.0,102.0,78,28,2026-08-14,9.217244954749557,13.788599684239895,127.0929008726215,28,9.217244954749557,127.0929008726215,0.0,0.0,False,78,66.4,6.2
2026,Juwan Johnson,juwan johnson,TE,NO,143.94,21.06,106.0,209.0,141,16,2026-08-14,6.4466510716284615,14.411814131742046,92.90793701650507,16,6.4466510716284615,92.90793701650507,0.0,0.0,False,141,,13.403617932110501
2026,Houston Texans,houston texans,DST,HOU,153.12,5.59,144.0,177.0,148,1,2026-08-14,0.0,0.0,0.0,0,0.0,0.0,0.0,0.0,True,148,,13.885885314845684
2026,Denver Broncos,denver broncos,DST,DEN,163.58,7.42,150.0,211.0,156,2,2026-08-14,0.0,0.0,0.0,0,0.0,0.0,0.0,0.0,True,156,,14.437048037971605
2026,Seattle Seahawks,seattle seahawks,DST,SEA,167.38,5.49,151.0,195.0,160,3,2026-08-14,0.0,0.0,0.0,0,0.0,0.0,0.0,0.0,True,160,,14.712629399534567
2026,Los Angeles Rams,los angeles rams,DST,LAR,168.2,7.65,149.0,190.0,162,4,2026-08-14,0.0,0.0,0.0,0,0.0,0.0,0.0,0.0,True,162,,14.850420080316047
2026,Philadelphia Eagles,philadelphia eagles,DST,PHI,174.89,9.86,157.0,235.0,169,5,2026-08-14,0.0,0.0,0.0,0,0.0,0.0,0.0,0.0,True,169,,15.33268746305123
2026,New England Patriots,new england patriots,DST,NE,185.43,10.34,161.0,235.0,176,6,2026-08-14,0.0,0.0,0.0,0,0.0,0.0,0.0,0.0,True,176,,15.814954845786412
2026,Minnesota Vikings,minnesota vikings,DST,MIN,186.26,11.44,167.0,254.0,177,7,2026-08-14,0.0,0.0,0.0,0,0.0,0.0,0.0,0.0,True,177,,15.883850186177153
2026,Brandon Aubrey,brandon aubrey,K,DAL,186.46,3.51,166.0,193.0,178,1,2026-08-14,0.0,0.0,0.0,0,0.0,0.0,0.0,0.0,True,178,128.8,21.4
2026,Pittsburgh Steelers,pittsburgh steelers,DST,PIT,187.06,8.65,161.0,240.0,179,8,2026-08-14,0.0,0.0,0.0,0,0.0,0.0,0.0,0.0,True,179,,16.02164086695863
2026,Jacksonville Jaguars,jacksonville jaguars,DST,JAC,188.66,15.36,151.0,279.0,180,9,2026-08-14,0.0,0.0,0.0,0,0.0,0.0,0.0,0.0,True,180,,16.090536207349373
2026,Los Angeles Chargers,los angeles chargers,DST,LAC,191.38,13.8,171.0,280.0,182,10,2026-08-14,0.0,0.0,0.0,0,0.0,0.0,0.0,0.0,True,182,,16.22832688813085
2026,Ka'imi Fairbairn,ka imi fairbairn,K,HOU,192.61,4.57,173.0,216.0,184,2,2026-08-14,0.0,0.0,0.0,0,0.0,0.0,0.0,0.0,True,184,135.9,19.8
2026,Cameron Dicker,cameron dicker,K,LAC,196.04,16.24,170.0,333.0,190,3,2026-08-14,0.0,0.0,0.0,0,0.0,0.0,0.0,0.0,True,190,142.2,15.9
2026,Baltimore Ravens,baltimore ravens,DST,BAL,197.59,16.25,171.0,280.0,191,11,2026-08-14,0.0,0.0,0.0,0,0.0,0.0,0.0,0.0,True,191,,16.848384951647514
2026,Cam Little,cam little,K,JAC,199.01,9.36,171.0,252.0,193,4,2026-08-14,0.0,0.0,0.0,0,0.0,0.0,0.0,0.0,True,193,157.6,18.1
2026,Jason Myers,jason myers,K,SEA,200.84,10.56,174.0,253.0,198,5,2026-08-14,0.0,0.0,0.0,0,0.0,0.0,0.0,0.0,True,198,140.6,19.7
2026,Green Bay Packers,green bay packers,DST,GB,201.68,21.0,181.0,279.0,199,12,2026-08-14,0.0,0.0,0.0,0,0.0,0.0,0.0,0.0,True,199,,17.399547674773437
2026,Eddy Pineiro,eddy pineiro,K,SF,208.48,10.33,178.0,250.0,206,6,2026-08-14,0.0,0.0,0.0,0,0.0,0.0,0.0,0.0,True,206,,17.88181505750862
2026,Tyler Loop,tyler loop,K,BAL,208.78,11.55,184.0,259.0,210,7,2026-08-14,0.0,0.0,0.0,0,0.0,0.0,0.0,0.0,True,210,151.2,15.4
2026,Kansas City Chiefs,kansas city chiefs,DST,KC,212.18,19.86,151.0,279.0,211,13,2026-08-14,0.0,0.0,0.0,0,0.0,0.0,0.0,0.0,True,211,,18.22629175946232
2026,Evan McPherson,evan mcpherson,K,CIN,213.91,13.48,176.0,263.0,212,8,2026-08-14,0.0,0.0,0.0,0,0.0,0.0,0.0,0.0,True,212,175.0,20.1
2026,Cleveland Browns,cleveland browns,DST,CLE,213.92,30.98,172.0,317.0,213,14,2026-08-14,0.0,0.0,0.0,0,0.0,0.0,0.0,0.0,True,213,,18.364082440243802
2026,Cairo Santos,cairo santos,K,CHI,216.09,13.27,196.0,282.0,215,9,2026-08-14,0.0,0.0,0.0,0,0.0,0.0,0.0,0.0,True,215,164.3,19.5
2026,Detroit Lions,detroit lions,DST,DET,220.2,22.16,185.0,279.0,219,15,2026-08-14,0.0,0.0,0.0,0,0.0,0.0,0.0,0.0,True,219,,18.777454482588244
2026,Andy Borregales,andy borregales,K,NE,221.27,17.41,191.0,285.0,222,10,2026-08-14,0.0,0.0,0.0,0,0.0,0.0,0.0,0.0,True,222,179.6,23.0
2026,Jake Bates,jake bates,K,DET,225.01,17.46,180.0,282.0,227,11,2026-08-14,0.0,0.0,0.0,0,0.0,0.0,0.0,0.0,True,227,154.5,23.2
2026,Chase McLaughlin,chase mclaughlin,K,TB,225.94,18.86,183.0,282.0,228,12,2026-08-14,0.0,0.0,0.0,0,0.0,0.0,0.0,0.0,True,228,149.5,18.8
2026,Buffalo Bills,buffalo bills,DST,BUF,228.57,23.27,189.0,341.0,231,16,2026-08-14,0.0,0.0,0.0,0,0.0,0.0,0.0,0.0,True,231,,19.604198567277127
2026,Harrison Mevis,harrison mevis,K,LAR,231.51,23.27,187.0,282.0,233,13,2026-08-14,0.0,0.0,0.0,0,0.0,0.0,0.0,0.0,True,233,141.5,26.8
2026,Harrison Butker,harrison butker,K,KC,240.56,24.07,187.0,313.0,240,14,2026-08-14,0.0,0.0,0.0,0,0.0,0.0,0.0,0.0,True,240,171.2,16.6
2026,Chris Boswell,chris boswell,K,PIT,241.14,18.09,184.0,282.0,241,15,2026-08-14,0.0,0.0,0.0,0,0.0,0.0,0.0,0.0,True,241,,20.293151971184532
2026,Spencer Shrader,spencer shrader,K,IND,248.25,25.2,211.0,282.0,249,16,2026-08-14,0.0,0.0,0.0,0,0.0,0.0,0.0,0.0,True,249,,20.844314694310455
2026,Blake Grupe,blake grupe,K,IND,249.29,48.15,214.0,354.0,253,17,2026-08-14,0.0,0.0,0.0,0,0.0,0.0,0.0,0.0,True,253,,21.119896055873415
2026,Dallas Cowboys,dallas cowboys,DST,DAL,253.31,65.72,179.0,366.0,258,17,2026-08-14,0.0,0.0,0.0,0,0.0,0.0,0.0,0.0,True,258,,21.464372757827118
2026,Will Reichard,will reichard,K,MIN,254.75,32.3,192.0,333.0,262,18,2026-08-14,0.0,0.0,0.0,0,0.0,0.0,0.0,0.0,True,262,154.3,19.7
2026,Cincinnati Bengals,cincinnati bengals,DST,CIN,258.6,57.43,212.0,356.0,268,18,2026-08-14,0.0,0.0,0.0,0,0.0,0.0,0.0,0.0,True,268,,22.15332616173452
2026,Nick Folk,nick folk,K,ATL,259.13,52.24,199.0,366.0,271,19,2026-08-14,0.0,0.0,0.0,0,0.0,0.0,0.0,0.0,True,271,,22.36001218290674
2026,San Francisco 49ers,san francisco ers,DST,SF,259.97,30.23,194.0,356.0,273,19,2026-08-14,0.0,0.0,0.0,0,0.0,0.0,0.0,0.0,True,273,,22.49780286368822
2026,Trey Smack,trey smack,K,GB,262.63,47.93,215.0,373.0,275,20,2026-08-14,0.0,0.0,0.0,0,0.0,0.0,0.0,0.0,True,275,,22.635593544469703
2026,Atlanta Falcons,atlanta falcons,DST,ATL,263.71,31.79,186.0,356.0,277,20,2026-08-14,0.0,0.0,0.0,0,0.0,0.0,0.0,0.0,True,277,,22.77338422525118
2026,Brandon McManus,brandon mcmanus,K,FA,264.0,78.75,197.0,395.0,278,21,2026-08-14,0.0,0.0,0.0,0,0.0,0.0,0.0,0.0,True,278,,22.842279565641924
2026,Wil Lutz,wil lutz,K,DEN,267.71,31.6,188.0,333.0,286,22,2026-08-14,0.0,0.0,0.0,0,0.0,0.0,0.0,0.0,True,286,166.2,16.9
2026,Tennessee Titans,tennessee titans,DST,TEN,268.25,70.0,194.0,356.0,289,21,2026-08-14,0.0,0.0,0.0,0,0.0,0.0,0.0,0.0,True,289,,23.600128309940064
2026,Chicago Bears,chicago bears,DST,CHI,268.45,45.98,185.0,342.0,290,22,2026-08-14,0.0,0.0,0.0,0,0.0,0.0,0.0,0.0,True,290,,23.669023650330807
2026,New Orleans Saints,new orleans saints,DST,NO,268.87,39.23,183.0,356.0,291,23,2026-08-14,0.0,0.0,0.0,0,0.0,0.0,0.0,0.0,True,291,,23.737918990721546
2026,Indianapolis Colts,indianapolis colts,DST,IND,276.02,38.91,171.0,357.0,300,24,2026-08-14,0.0,0.0,0.0,0,0.0,0.0,0.0,0.0,True,300,,24.35797705423821
2026,Las Vegas Raiders,las vegas raiders,DST,LV,276.5,61.21,188.0,361.0,301,25,2026-08-14,0.0,0.0,0.0,0,0.0,0.0,0.0,0.0,True,301,,24.426872394628948
2026,New York Giants,new york giants,DST,NYG,277.54,56.8,186.0,387.0,303,26,2026-08-14,0.0,0.0,0.0,0,0.0,0.0,0.0,0.0,True,303,,24.56466307541043
2026,Tyler Bass,tyler bass,K,BUF,278.07,47.75,216.0,410.0,305,23,2026-08-14,0.0,0.0,0.0,0,0.0,0.0,0.0,0.0,True,305,,24.70245375619191
2026,Jake Moody,jake moody,K,WAS,279.6,30.23,248.0,333.0,308,24,2026-08-14,0.0,0.0,0.0,0,0.0,0.0,0.0,0.0,True,308,,24.909139777364132
2026,Daniel Carlson,daniel carlson,K,LV,281.83,68.11,210.0,405.0,311,25,2026-08-14,0.0,0.0,0.0,0,0.0,0.0,0.0,0.0,True,311,,25.115825798536353
2026,Tampa Bay Buccaneers,tampa bay buccaneers,DST,TB,282.23,62.6,190.0,365.0,312,27,2026-08-14,0.0,0.0,0.0,0,0.0,0.0,0.0,0.0,True,312,,25.18472113892709
2026,Charlie Smyth,charlie smyth,K,NO,285.81,39.68,207.0,364.0,318,26,2026-08-14,0.0,0.0,0.0,0,0.0,0.0,0.0,0.0,True,318,,25.598093181271533
2026,Arizona Cardinals,arizona cardinals,DST,ARI,287.5,75.5,212.0,363.0,320,28,2026-08-14,0.0,0.0,0.0,0,0.0,0.0,0.0,0.0,True,320,,25.735883862053015
2026,Washington Commanders,washington commanders,DST,WAS,289.5,92.99,190.0,403.0,323,29,2026-08-14,0.0,0.0,0.0,0,0.0,0.0,0.0,0.0,True,323,,25.942569883225236
2026,New York Jets,new york jets,DST,NYJ,290.4,95.02,191.0,432.0,326,30,2026-08-14,0.0,0.0,0.0,0,0.0,0.0,0.0,0.0,True,326,,26.149255904397457
2026,Jake Elliott,jake elliott,K,PHI,295.5,47.16,205.0,383.0,337,27,2026-08-14,0.0,0.0,0.0,0,0.0,0.0,0.0,0.0,True,337,,26.9071046486956
2026,Carolina Panthers,carolina panthers,DST,CAR,295.52,49.22,172.0,367.0,338,31,2026-08-14,0.0,0.0,0.0,0,0.0,0.0,0.0,0.0,True,338,,26.97599998908634
2026,Ryan Fitzgerald,ryan fitzgerald,K,CAR,297.2,77.05,213.0,409.0,341,28,2026-08-14,0.0,0.0,0.0,0,0.0,0.0,0.0,0.0,True,341,,27.18268601025856
2026,Zane Gonzalez,zane gonzalez,K,MIA,301.83,63.79,206.0,408.0,347,29,2026-08-14,0.0,0.0,0.0,0,0.0,0.0,0.0,0.0,True,347,,27.596058052603002
2026,Chad Ryland,chad ryland,K,ARI,304.67,74.18,200.0,394.0,352,30,2026-08-14,0.0,0.0,0.0,0,0.0,0.0,0.0,0.0,True,352,,27.940534754556705
2026,Ben Sauls,ben sauls,K,NYG,306.33,81.29,209.0,454.0,358,31,2026-08-14,0.0,0.0,0.0,0,0.0,0.0,0.0,0.0,True,358,,28.353906796901146
2026,Miami Dolphins,miami dolphins,DST,MIA,310.13,68.46,188.0,393.0,366,32,2026-08-14,0.0,0.0,0.0,0,0.0,0.0,0.0,0.0,True,366,,28.90506952002707
2026,Joey Slye,joey slye,K,TEN,314.33,68.64,212.0,404.0,375,32,2026-08-14,0.0,0.0,0.0,0,0.0,0.0,0.0,0.0,True,375,,29.525127583543732
2026,Jason Sanders,jason sanders,K,NYJ,390.0,16.0,374.0,406.0,502,33,2026-08-14,0.0,0.0,0.0,0,0.0,0.0,0.0,0.0,True,502,,38.27483581316775
2026,Rome Odunze,rome odunze,WR,CHI,59.12,8.06,42.0,82.0,59,29,2026-08-14,9.578748777421993,14.430495889930551,138.22609486326536,28,9.70410835216612,140.31628944882755,-2.0901945855621875,-0.1253595747441274,False,59,45.5,4.9
2026,Chig Okonkwo,chig okonkwo,TE,WAS,153.41,26.85,111.0,229.0,149,17,2026-08-14,6.277367907606512,14.411814131742046,90.46825952098753,16,6.4466510716284615,92.90793701650507,-2.439677495517543,-0.16928316402194987,False,149,,13.954780655236423
2026,Rhamondre Stevenson,rhamondre stevenson,RB,NE,81.99,8.38,65.0,103.0,80,29,2026-08-14,9.061009989918544,13.73804041291153,124.48052142329605,28,9.217244954749557,127.0929008726215,-2.612379449325445,-0.15623496483101285,False,80,70.5,6.7
2026,Carnell Tate,carnell tate,WR,TEN,65.44,18.21,45.0,176.0,64,30,2026-08-14,9.45636267590311,14.401685026648668,136.18755675611314,28,9.70410835216612,140.31628944882755,-4.128732692714408,-0.24774567626301014,False,64,74.0,7.3
2026,Brenton Strange,brenton strange,TE,JAC,156.63,25.26,111.0,236.0,151,18,2026-08-14,6.115884244753349,14.411814131742046,88.14098698663484,16,6.4466510716284615,92.90793701650507,-4.76695002987023,-0.33076682687511294,False,151,159.3,20.2
2026,Chuba Hubbard,chuba hubbard,RB,CAR,86.83,11.41,61.0,127.0,87,30,2026-08-14,8.908701989029812,13.688017477120349,121.94246852429687,28,9.217244954749557,127.0929008726215,-5.150432348324628,-0.30854296571974515,False,87,73.0,6.4
2026,Parker Washington,parker washington,WR,JAC,69.78,18.03,45.0,126.0,66,31,2026-08-14,9.336796199919402,14.373055532236801,134.1982902746191,28,9.70410835216612,140.31628944882755,-6.11799917420845,-0.3673121522467184,False,66,65.6,6.7
2026,Hunter Henry,hunter henry,TE,NE,166.29,22.34,131.0,228.0,159,19,2026-08-14,5.961455151533068,14.411814131742046,85.91538359861069,16,6.4466510716284615,92.90793701650507,-6.992553417894385,-0.4851959200953937,False,159,144.5,21.5
2026,Patrick Mahomes II,patrick mahomes,QB,KC,101.13,11.7,63.0,129.0,96,13,2026-08-14,16.634414401168723,13.872205991204527,230.75602311607162,12,17.13447293279512,238.13776965069272,-7.381746534621101,-0.5000585316263972,False,96,99.3,13.1
2026,Rico Dowdle,rico dowdle,RB,PIT,88.55,11.52,68.0,132.0,89,31,2026-08-14,8.760107573900896,13.638533693654406,119.47502230668452,28,9.217244954749557,127.0929008726215,-7.6178785659369765,-0.4571373808486605,False,89,77.3,8.4
2026,Marvin Harrison Jr.,marvin harrison,WR,ARI,69.8,11.64,45.0,100.0,67,32,2026-08-14,9.219907584359499,14.34461974527679,132.2560683842305,28,9.70410835216612,140.31628944882755,-8.060221064597044,-0.48420076780662136,False,67,62.6,7.3
2026,Oronde Gadsden II,oronde gadsden,TE,LAC,178.5,35.54,97.0,246.0,171,20,2026-08-14,5.813440514289299,14.411814131742046,83.78222415787627,16,6.4466510716284615,92.90793701650507,-9.125712858628802,-0.6332105573391624,False,171,,15.470478143832711
2026,Brian Thomas Jr.,brian thomas,WR,JAC,77.84,13.0,48.0,110.0,74,33,2026-08-14,9.10556589312921,14.316387418889601,130.35880899426527,28,9.70410835216612,140.31628944882755,-9.957480454562273,-0.59854245903691,False,74,70.3,8.0
2026,RJ Harvey,rj harvey,RB,DEN,92.56,16.42,61.0,130.0,92,32,2026-08-14,8.615030932286485,13.589589235737401,117.07473162294517,28,9.217244954749557,127.0929008726215,-10.018169249676333,-0.6022140224630714,False,92,87.0,11.6
2026,Dalton Schultz,dalton schultz,TE,HOU,178.88,25.34,97.0,229.0,172,21,2026-08-14,5.671285977466256,14.411814131742046,81.73351939519868,16,6.4466510716284615,92.90793701650507,-11.17441762130639,-0.7753650941622059,False,172,,15.53937348422345
2026,DK Metcalf,dk metcalf,WR,PIT,78.2,13.05,48.0,116.0,75,34,2026-08-14,8.993649925218005,14.288366157211863,128.50456322129594,28,9.70410835216612,140.31628944882755,-11.811726227531608,-0.7104584269481151,False,75,63.0,7.4
2026,Kenny Gainwell,kenny gainwell,RB,TB,101.59,14.64,77.0,156.0,99,33,2026-08-14,8.473291906274197,13.54118217453141,114.73838932084143,28,9.217244954749557,127.0929008726215,-12.354511551780064,-0.74395304847536,False,99,101.1,12.7
2026,T.J. Hockenson,tj hockenson,TE,MIN,191.24,21.43,124.0,246.0,181,22,2026-08-14,5.5345080641777455,14.411814131742046,79.76230153155714,16,6.4466510716284615,92.90793701650507,-13.145635484947931,-0.912143007450716,False,181,165.0,22.7
2026,Chris Godwin Jr.,chris godwin,WR,TB,81.74,12.65,51.0,123.0,79,35,2026-08-14,8.88404725655695,14.260561773991572,126.69150470519075,28,9.70410835216612,140.31628944882755,-13.624784743636795,-0.8200610956091694,False,79,81.0,10.1
2026,Bo Nix,bo nix,QB,DEN,101.34,9.64,70.0,125.0,97,14,2026-08-14,16.147002206900005,13.860501335736833,223.8055456568831,12,17.13447293279512,238.13776965069272,-14.332223993809606,-0.9874707258951148,False,97,117.2,14.2
2026,J.K. Dobbins,jk dobbins,RB,DEN,102.06,17.7,72.0,177.0,100,34,2026-08-14,8.334724336556393,13.493308914354298,112.46301018914208,28,9.217244954749557,127.0929008726215,-14.629890683479417,-0.8825206181931637,False,100,89.8,10.2
2026,Greg Dulcich,greg dulcich,TE,MIA,200.16,43.44,131.0,306.0,197,23,2026-08-14,5.402682416964324,14.407984088508934,77.84176229888897,16,6.4466510716284615,92.90793701650507,-15.066174717616107,-1.0439686546641376,False,197,,17.261756993991956
2026,Michael Pittman Jr.,michael pittman,WR,PIT,83.42,13.88,40.0,118.0,83,36,2026-08-14,8.776653397877363,14.23297858850088,124.91791989068199,28,9.70410835216612,140.31628944882755,-15.39836955814556,-0.9274549542887573,False,83,81.1,7.4
2026,Kyle Monangai,kyle monangai,RB,CHI,106.05,13.88,78.0,156.0,105,35,2026-08-14,8.199174622281705,13.445964543740592,110.24581125913747,28,9.217244954749557,127.0929008726215,-16.84708961348403,-1.0180703324678522,False,105,110.7,15.7
2026,AJ Barner,aj barner,TE,SEA,208.35,25.25,138.0,261.0,205,24,2026-08-14,5.2754344007739,14.394649515260932,75.93802923989087,16,6.4466510716284615,92.90793701650507,-16.969907776614207,-1.1712166708545615,False,205,,17.81291971711788
2026,Jordyn Tyson,jordyn tyson,WR,NO,83.83,18.12,51.0,165.0,84,37,2026-08-14,8.671371052062373,14.205619670718372,123.18219918927511,28,9.70410835216612,140.31628944882755,-17.134090259552437,-1.0327373001037472,False,84,91.8,10.0
2026,Kenyon Sadiq,kenyon sadiq,TE,NYJ,218.32,37.7,144.0,392.0,217,25,2026-08-14,5.152431517513223,14.381231602175195,74.09831096770466,16,6.4466510716284615,92.90793701650507,-18.80962604880041,-1.2942195541152381,False,217,,18.639663801806762
2026,Courtland Sutton,courtland sutton,WR,DEN,85.42,14.97,55.0,116.0,85,38,2026-08-14,8.568109457160581,14.178487045241393,121.48282894056156,28,9.70410835216612,140.31628944882755,-18.833460508265986,-1.1359988950055389,False,85,61.0,6.3
2026,Jonathon Brooks,jonathon brooks,RB,CAR,106.31,31.34,67.0,243.0,106,36,2026-08-14,8.066500463435135,13.3991431195025,108.08419418310062,28,9.217244954749557,127.0929008726215,-19.008706689520878,-1.1507444913144216,False,106,110.6,18.0
2026,Josh Downs,josh downs,WR,IND,85.44,13.37,51.0,126.0,86,39,2026-08-14,8.466783803424404,14.151581861461633,119.81838409745792,28,9.70410835216612,140.31628944882755,-20.497905351369624,-1.2373245487417162,False,86,87.1,10.4
2026,Gunnar Helm,gunnar helm,TE,TEN,222.29,26.71,153.0,290.0,225,26,2026-08-14,5.0333772262720835,14.367761033304157,72.3183611775526,16,6.4466510716284615,92.90793701650507,-20.58957583895247,-1.413273845356378,False,225,,19.190826524932685
2026,Matthew Stafford,matthew stafford,QB,LAR,104.67,14.0,63.0,148.0,103,15,2026-08-14,15.672118578623445,13.860501335736833,217.2234204928363,12,17.13447293279512,238.13776965069272,-20.914349157856407,-1.4623543541716746,False,103,75.6,12.5
2026,Rachaad White,rachaad white,RB,WAS,108.98,14.86,75.0,141.0,109,37,2026-08-14,7.936569758485545,13.352837897180706,105.97572944472411,28,9.217244954749557,127.0929008726215,-21.11717142789739,-1.2806751962640117,False,109,110.5,13.1
2026,Wan'Dale Robinson,wan dale robinson,WR,TEN,87.71,14.12,48.0,135.0,88,40,2026-08-14,8.367314714541092,14.1249045360367,118.1875215658681,28,9.70410835216612,140.31628944882755,-22.12876788295945,-1.3367936376250285,False,88,90.8,9.7
2026,Terrance Ferguson,terrance ferguson,TE,LAR,235.18,24.88,173.0,290.0,236,27,2026-08-14,4.918005866032066,14.354263228279127,70.59435075924512,16,6.4466510716284615,92.90793701650507,-22.313586257259956,-1.528645205596396,False,236,,19.94867526923083
2026,Blake Corum,blake corum,RB,LAR,112.83,13.44,84.0,145.0,112,38,2026-08-14,7.809259634694837,13.307041518399407,103.91814218684478,28,9.217244954749557,127.0929008726215,-23.174758685776723,-1.4079853200547197,False,112,121.5,14.8
2026,Michael Wilson,michael wilson,WR,ARI,90.53,15.82,49.0,137.0,90,41,2026-08-14,8.269627784717096,14.09845487251458,116.5889741353267,28,9.70410835216612,140.31628944882755,-23.727315313500853,-1.4344805674490235,False,90,76.8,9.4
2026,Pat Freiermuth,pat freiermuth,TE,PIT,236.54,30.48,131.0,332.0,238,28,2026-08-14,4.806078451625864,14.340759300276236,68.92281425301083,16,6.4466510716284615,92.90793701650507,-23.985122763494246,-1.6405726200025974,False,238,,20.08646595001231
2026,Aaron Jones Sr.,aaron jones,RB,MIN,113.67,13.47,77.0,141.0,115,39,2026-08-14,7.684455592249352,13.261746163429654,101.90929946855839,28,9.217244954749557,127.0929008726215,-25.18360140406311,-1.5327893625002051,False,115,98.5,13.0
2026,Alec Pierce,alec pierce,WR,IND,91.0,19.93,51.0,154.0,91,42,2026-08-14,8.173653164515784,14.0722321620409,115.02154494306639,28,9.70410835216612,140.31628944882755,-25.29474450576116,-1.530455187650336,False,91,55.0,4.7
2026,Cade Otton,cade otton,TE,TB,242.56,21.79,158.0,290.0,243,29,2026-08-14,4.697379167683521,14.327266819333715,67.30060468698153,16,6.4466510716284615,92.90793701650507,-25.607332329523544,-1.7492719039449405,False,243,,20.430942651966014
2026,Makai Lemon,makai lemon,WR,PHI,101.45,15.64,70.0,136.0,98,43,2026-08-14,8.079325189381882,14.046235268344088,113.48410241951656,28,9.70410835216612,140.31628944882755,-26.832187029310987,-1.6247831627842384,False,98,105.1,10.0
2026,Jacory Croskey-Merritt,jacory croskey merritt,RB,WAS,119.51,13.21,78.0,143.0,120,40,2026-08-14,7.562050746437362,13.216943675555067,99.94719878735177,28,9.217244954749557,127.0929008726215,-27.145702085269733,-1.6551942083121949,False,120,109.5,13.8
2026,David Njoku,david njoku,TE,LAC,248.9,21.8,173.0,299.0,250,30,2026-08-14,4.591712425178894,14.313800425055447,65.72485526325804,16,6.4466510716284615,92.90793701650507,-27.183081753247038,-1.8549386464495674,False,250,,20.913210034701194
2026,Jared Goff,jared goff,QB,DET,106.71,11.25,59.0,124.0,107,16,2026-08-14,15.209464796826918,13.860501335736833,210.81080713226183,12,17.13447293279512,238.13776965069272,-27.32696251843089,-1.925008135968202,False,107,105.6,12.9
2026,Jakobi Meyers,jakobi meyers,WR,JAC,102.19,17.8,62.0,158.0,101,44,2026-08-14,7.986582045650903,14.020462699607773,111.97557566840563,28,9.70410835216612,140.31628944882755,-28.340713780421922,-1.717526306515217,False,101,87.4,9.1
2026,Evan Engram,evan engram,TE,DEN,253.2,26.19,138.0,300.0,257,31,2026-08-14,4.488900374992454,14.30037232176559,64.19294667770527,16,6.4466510716284615,92.90793701650507,-28.714990338799808,-1.9577506966360074,False,257,,21.395477417436375
2026,Jordan Mason,jordan mason,RB,MIN,122.48,13.87,84.0,146.0,124,41,2026-08-14,7.441945154601907,13.172625662502208,98.02995772244304,28,9.217244954749557,127.0929008726215,-29.062943150178455,-1.7752998001476499,False,124,113.8,16.3
2026,Quentin Johnston,quentin johnston,WR,LAC,102.53,15.22,62.0,131.0,102,45,2026-08-14,7.895365469568657,13.994912669370345,110.49495023937554,28,9.70410835216612,140.31628944882755,-29.821339209452006,-1.8087428825974632,False,102,84.2,7.9
2026,Colby Parkinson,colby parkinson,TE,LAR,262.81,20.19,214.0,353.0,276,32,2026-08-14,4.3887807954173415,14.286992681184817,62.702479103452035,16,6.4466510716284615,92.90793701650507,-30.20545791305304,-2.05787027621112,False,276,,22.704488884860442
2026,Tyrone Tracy Jr.,tyrone tracy,RB,NYG,132.07,10.77,113.0,177.0,133,42,2026-08-14,7.32404521665749,13.12878357915518,96.1558045734429,28,9.217244954749557,127.0929008726215,-30.937096299178606,-1.8931997380920667,False,133,151.6,18.1
2026,Jordan Addison,jordan addison,WR,MIN,108.59,14.13,68.0,149.0,108,46,2026-08-14,7.8056204754587295,13.96958314821399,109.04126425532235,28,9.70410835216612,140.31628944882755,-31.2750251935052,-1.8984878767073905,False,108,90.6,9.1
2026,Mike Gesicki,mike gesicki,TE,CIN,270.5,25.05,226.0,355.0,293,33,2026-08-14,4.291205287706751,14.273669971809875,61.251248058011605,16,6.4466510716284615,92.90793701650507,-31.65668895849347,-2.155445783921711,False,293,,23.875709671503028
2026,Jayden Reed,jayden reed,WR,GB,109.66,13.54,76.0,149.0,110,47,2026-08-14,7.717295109694687,13.944471907699699,107.61360486056583,28,9.70410835216612,140.31628944882755,-32.70268458826172,-1.9868132424714329,False,110,89.4,7.2
2026,Tyler Allgeier,tyler allgeier,RB,ARI,139.38,11.82,103.0,164.0,134,43,2026-08-14,7.208263139659927,13.085408794952704,94.3230698840394,28,9.217244954749557,127.0929008726215,-32.7698309885821,-2.00898181508963,False,134,159.4,20.4
2026,Mason Taylor,mason taylor,TE,NYJ,272.84,28.51,203.0,336.0,297,34,2026-08-14,4.196037726979523,14.260411229796834,59.837223522469976,16,6.4466510716284615,92.90793701650507,-33.0707134940351,-2.2506133446489383,False,297,,24.151291033065988
2026,Kyler Murray,kyler murray,QB,MIN,113.28,9.12,92.0,134.0,113,17,2026-08-14,14.758641153577168,13.860501335736833,204.56216542281692,12,17.13447293279512,238.13776965069272,-33.5756042278758,-2.375831779217952,False,113,141.8,17.3
2026,Stefon Diggs,stefon diggs,WR,WAS,111.6,38.04,60.0,223.0,111,48,2026-08-14,7.630340227574035,13.91957655775674,106.21110495944775,28,9.70410835216612,140.31628944882755,-34.105184489379795,-2.0737681245920854,False,111,98.1,10.3
2026,Eli Stowers,eli stowers,TE,PHI,273.2,28.54,217.0,377.0,298,35,2026-08-14,4.103152926064483,14.2472222828578,58.45853179819908,16,6.4466510716284615,92.90793701650507,-34.44940521830599,-2.343498145563979,False,298,,24.220186373456727
2026,Woody Marks,woody marks,RB,HOU,140.38,12.45,99.0,175.0,135,44,2026-08-14,7.09451645832988,13.042492648715893,92.53017875396138,28,9.217244954749557,127.0929008726215,-34.56272211866012,-2.1227284964196764,False,135,146.2,13.5
2026,Khalil Shakir,khalil shakir,WR,BUF,120.35,16.98,83.0,173.0,121,49,2026-08-14,7.544709290566523,13.894894578532487,104.83294021809647,28,9.70410835216612,140.31628944882755,-35.48334923073108,-2.159399061599597,False,121,103.7,8.4
2026,Theo Johnson,theo johnson,TE,NYG,279.29,24.44,196.0,357.0,306,36,2026-08-14,4.012435477897352,14.234107936188078,57.1134396793813,16,6.4466510716284615,92.90793701650507,-35.79449733712377,-2.4342155937311096,False,306,,24.77134909658265
2026,Chris Rodriguez Jr.,chris rodriguez,RB,JAC,143.1,20.38,118.0,263.0,139,45,2026-08-14,6.982727604606654,13.000026493137785,90.77564385425104,28,9.217244954749557,127.0929008726215,-36.317257018370455,-2.2345173501429025,False,139,154.6,17.3
2026,Jayden Higgins,jayden higgins,WR,HOU,122.79,13.21,94.0,176.0,125,50,2026-08-14,7.4603581817298705,13.870423347542717,103.47832630489732,28,9.70410835216612,140.31628944882755,-36.837963143930224,-2.2437501704362495,False,125,120.9,12.4
2026,Jake Tonges,jake tonges,TE,SF,282.39,32.31,158.0,345.0,313,37,2026-08-14,3.9237787484192417,14.221072127536507,55.80034059376496,16,6.4466510716284615,92.90793701650507,-37.107596422740116,-2.52287232320922,False,313,,25.253616479317834
2026,Zach Charbonnet,zach charbonnet,RB,SEA,143.64,19.97,102.0,245.0,140,46,2026-08-14,6.8728235202929255,12.95800173075241,89.0580590711116,28,9.217244954749557,127.0929008726215,-38.0348418015099,-2.344421434456631,False,140,133.2,18.6
2026,Jalen Coker,jalen coker,WR,CAR,125.3,13.93,90.0,163.0,126,51,2026-08-14,7.377245037361156,13.846160162826186,102.14651634771722,28,9.70410835216612,140.31628944882755,-38.16977310111032,-2.326863314804964,False,126,114.5,11.0
2026,Darren Waller,darren waller,TE,CAR,297.56,51.46,224.0,379.0,342,38,2026-08-14,3.837083996956899,14.208118057066235,54.5177424236432,16,6.4466510716284615,92.90793701650507,-38.390194592861874,-2.6095670746715625,False,342,,27.251581350649303
2026,Xavier Worthy,xavier worthy,WR,KC,127.07,13.27,90.0,180.0,127,52,2026-08-14,7.29533009318847,13.822102262694822,100.83679858816598,28,9.70410835216612,140.31628944882755,-39.47949086066157,-2.40877825897765,False,127,100.9,8.5
2026,Darnell Washington,darnell washington,TE,PIT,299.64,27.97,259.0,389.0,343,39,2026-08-14,3.752259605087577,14.19524829651686,53.26425676720845,16,6.4466510716284615,92.90793701650507,-39.64368024929662,-2.6943914665408846,False,343,,27.320476691040042
2026,Baker Mayfield,baker mayfield,QB,TB,117.48,9.55,74.0,136.0,118,18,2026-08-14,14.319196002175929,13.860501335736833,198.47123531483697,12,17.13447293279512,238.13776965069272,-39.666534335855744,-2.8152769306191914,False,118,133.4,10.9
2026,Tyjae Spears,tyjae spears,RB,TEN,145.85,17.52,103.0,228.0,142,47,2026-08-14,6.764735307678168,12.916409842869488,87.37609371250105,28,9.217244954749557,127.0929008726215,-39.71680716012045,-2.4525096470713885,False,142,146.2,15.7
2026,Romeo Doubs,romeo doubs,WR,NE,129.36,13.92,96.0,170.0,129,53,2026-08-14,7.214575543611235,13.798246842577743,99.54849421517233,28,9.70410835216612,140.31628944882755,-40.76779523365522,-2.489532808554885,False,129,108.2,7.1
2026,Oscar Delp,oscar delp,TE,NO,303.28,36.4,221.0,373.0,349,40,2026-08-14,3.669220398227637,14.182464881291969,52.03858943958359,16,6.4466510716284615,92.90793701650507,-40.869347576921484,-2.7774306734008247,False,349,,27.733848733384484
2026,Alvin Kamara,alvin kamara,RB,NO,148.76,17.47,103.0,214.0,144,48,2026-08-14,6.658397913725805,12.875242412693385,85.72848721939164,28,9.217244954749557,127.0929008726215,-41.36441365322986,-2.5588470410237516,False,144,148.0,20.7
2026,Matthew Golden,matthew golden,WR,GB,131.5,17.42,82.0,183.0,131,54,2026-08-14,7.134945412673931,13.77459106938008,98.2809553619327,28,9.70410835216612,140.31628944882755,-42.03533408689485,-2.5691629394921893,False,131,111.0,9.6
2026,Elijah Arroyo,elijah arroyo,TE,SEA,308.85,27.12,246.0,369.0,364,41,2026-08-14,3.5878870468031963,14.169769388399407,50.83953204482668,16,6.4466510716284615,92.90793701650507,-42.06840497167839,-2.8587640248252653,False,364,,28.767278839245588
2026,Dylan Sampson,dylan sampson,RB,CLE,149.56,17.35,103.0,203.0,145,49,2026-08-14,6.553749843999617,12.834491143628691,84.114044330371,28,9.217244954749557,127.0929008726215,-42.9788565422505,-2.66349511074994,False,145,178.3,18.8
2026,Tommy Myers,tommy myers,TE,FA,309.5,69.62,256.0,426.0,365,42,2026-08-14,3.5081855359929968,14.157163002620798,49.66595447648947,16,6.4466510716284615,92.90793701650507,-43.241982540015606,-2.9384655356354648,False,365,,28.836174179636327
2026,KC Concepcion,kc concepcion,WR,CLE,131.55,30.01,90.0,298.0,132,55,2026-08-14,7.056405435610687,13.751132093712988,97.0335632518769,28,9.70410835216612,140.31628944882755,-43.28272619695065,-2.647702916555433,False,132,124.6,9.5
2026,Michael Mayer,michael mayer,TE,LV,311.72,27.69,261.0,370.0,369,43,2026-08-14,3.4300466947778787,14.144646572849322,48.51679822600307,16,6.4466510716284615,92.90793701650507,-44.391138790502005,-3.016604376850583,False,369,,29.11175554119929
2026,Deebo Samuel Sr.,deebo samuel,WR,SF,142.01,34.85,83.0,241.0,138,56,2026-08-14,6.9789229499310235,13.727867060297564,95.8057264807128,28,9.70410835216612,140.31628944882755,-44.51056296811474,-2.7251854022350965,False,138,103.1,13.4
2026,Isiah Pacheco,isiah pacheco,RB,DET,151.56,12.45,118.0,189.0,146,50,2026-08-14,6.450732903006404,12.794147873599016,82.5316306541546,28,9.217244954749557,127.0929008726215,-44.5612702184669,-2.7665120517431525,False,146,147.6,24.6
2026,Will Kacmarek,will kacmarek,TE,MIA,314.0,5.89,306.0,320.0,372,44,2026-08-14,3.353405776465779,14.132220660184656,47.39107039615225,16,6.4466510716284615,92.90793701650507,-45.51686662035282,-3.0932452951626823,False,372,,29.31844156237151
2026,Jordan Love,jordan love,QB,GB,119.28,9.6,92.0,145.0,119,19,2026-08-14,13.890656058332382,13.860501335736833,192.53145685077692,12,17.13447293279512,238.13776965069272,-45.6063127999158,-3.2438168744627376,False,119,148.7,12.7
2026,Rashid Shaheed,rashid shaheed,WR,SEA,146.85,14.62,121.0,208.0,143,57,2026-08-14,6.902466795132639,13.704793116800095,94.596879422875,28,9.70410835216612,140.31628944882755,-45.71941002595254,-2.8016415570334807,False,143,121.3,9.3
2026,Keaton Mitchell,keaton mitchell,RB,LAC,155.54,27.44,122.0,275.0,150,51,2026-08-14,6.349291958059441,12.754204586062386,80.98016860973074,28,9.217244954749557,127.0929008726215,-46.11273226289076,-2.867952996690116,False,150,150.4,23.3
2026,Charlie Kolar,charlie kolar,TE,LAC,317.69,44.41,256.0,392.0,379,45,2026-08-14,3.278202084046504,14.11988557909313,46.287838331881275,16,6.4466510716284615,92.90793701650507,-46.6200986846238,-3.1684489875819577,False,379,,29.80070894510669
2026,Denzel Boston,denzel boston,WR,CLE,157.29,31.44,115.0,304.0,152,58,2026-08-14,6.827007220228229,13.681907421318279,93.40648075183407,28,9.70410835216612,140.31628944882755,-46.90980869699348,-2.8771011319378914,False,152,142.4,16.0
2026,Jonah Coleman,jonah coleman,RB,DEN,165.71,32.36,127.0,322.0,157,52,2026-08-14,6.249374724132659,12.71465341828956,79.45863369836569,28,9.217244954749557,127.0929008726215,-47.63426717425581,-2.9678702306168976,False,157,,14.505943378362346
2026,Tyler Higbee,tyler higbee,TE,LAR,317.97,26.27,259.0,372.0,381,46,2026-08-14,3.2043786347146046,14.107641432714084,45.206224793203546,16,6.4466510716284615,92.90793701650507,-47.70171222330153,-3.242272436913857,False,381,,29.938499625888173
2026,Jauan Jennings,jauan jennings,WR,MIN,157.65,28.04,94.0,283.0,153,59,2026-08-14,6.7525157983617135,13.659207148705931,92.23401206473206,28,9.70410835216612,140.31628944882755,-48.08227738409549,-2.9515925538044065,False,153,140.4,8.6
2026,Ja'Tavion Sanders,ja tavion sanders,TE,CAR,320.56,35.33,243.0,400.0,385,47,2026-08-14,3.1318818587190833,14.095488143209526,44.14540360550785,16,6.4466510716284615,92.90793701650507,-48.76253341099722,-3.314769212909378,False,385,,30.214080987451133
2026,Tank Bigsby,tank bigsby,RB,PHI,168.33,22.85,132.0,234.0,163,53,2026-08-14,6.150931567489193,12.675486667375452,77.96605107564807,28,9.217244954749557,127.0929008726215,-49.12684979697343,-3.0663133872603634,False,163,166.7,22.7
2026,Jerry Jeudy,jerry jeudy,WR,CLE,160.55,23.44,115.0,269.0,155,60,2026-08-14,6.6789653478668445,13.636689495896913,91.07897660271527,28,9.70410835216612,140.31628944882755,-49.237312846112275,-3.0251430042992755,False,155,133.6,9.8
2026,Max Klare,max klare,TE,LAR,320.62,23.85,281.0,370.0,386,48,2026-08-14,3.0606613283855246,14.083425477904125,43.10459573142058,16,6.4466510716284615,92.90793701650507,-49.80334128508449,-3.385989743242937,False,386,,30.282976327841876
2026,Omar Cooper Jr.,omar cooper,WR,NYJ,167.8,31.69,133.0,301.0,161,61,2026-08-14,6.60632985918925,13.614351686365916,89.94089805914267,28,9.70410835216612,140.31628944882755,-50.37539138968488,-3.09777849297687,False,161,163.3,9.2
2026,Brian Robinson Jr.,brian robinson,RB,ATL,170.02,20.52,144.0,234.0,165,54,2026-08-14,6.053915326137519,12.636696794374892,76.501492395219,28,9.217244954749557,127.0929008726215,-50.591408477402496,-3.163329628612038,False,165,,15.057106101488268
2026,Cole Kmet,cole kmet,TE,CHI,320.72,27.5,259.0,382.0,387,49,2026-08-14,2.9906695137337334,14.071453071840036,42.08306571588689,16,6.4466510716284615,92.90793701650507,-50.824871300618184,-3.455981557894728,False,387,,30.351871668232615
2026,Tyler Shough,tyler shough,QB,NO,122.47,14.13,104.0,195.0,123,20,2026-08-14,13.47254510259074,13.860501335736833,186.7362293902337,12,17.13447293279512,238.13776965069272,-51.40154026045903,-3.6619278302043803,False,123,135.0,12.1
2026,Jalen McMillan,jalen mcmillan,WR,TB,168.98,24.54,128.0,293.0,164,62,2026-08-14,6.534584427153272,13.592190973844486,88.81931946857745,28,9.70410835216612,140.31628944882755,-51.4969699802501,-3.1695239250128484,False,164,134.0,10.3
2026,Noah Gray,noah gray,TE,KC,325.0,23.11,290.0,367.0,395,50,2026-08-14,2.9218615616010197,14.05957044727019,41.08011846250042,16,6.4466510716284615,92.90793701650507,-51.82781855400465,-3.524789510027442,False,395,,30.90303439135854
2026,Braelon Allen,braelon allen,RB,NYJ,182.34,31.3,135.0,266.0,174,55,2026-08-14,5.958281145401189,12.59827642688872,75.06407289888332,28,9.217244954749557,127.0929008726215,-52.028827973738174,-3.2589638093483675,False,174,,15.677164165004932
2026,Adonai Mitchell,adonai mitchell,WR,NYJ,171.09,24.55,133.0,270.0,166,63,2026-08-14,6.46370518810769,13.570204645394167,87.71380217011736,28,9.70410835216612,140.31628944882755,-52.602487278710186,-3.2404031640584297,False,166,161.2,12.8
2026,John Bates,john bates,TE,WAS,325.63,46.47,274.0,430.0,398,51,2026-08-14,2.854195095593923,14.047777030530655,40.095096304537556,16,6.4466510716284615,92.90793701650507,-52.81284071196752,-3.5924559760345387,False,398,,31.10972041253076
2026,Ray Davis,ray davis,RB,BUF,192.99,30.27,143.0,263.0,185,56,2026-08-14,5.863986327089533,12.56021836037226,73.65294873048185,28,9.217244954749557,127.0929008726215,-53.439952142139646,-3.353258627660024,False,185,,16.435012909303072
2026,Tre Tucker,tre tucker,WR,LV,172.63,28.44,109.0,289.0,167,64,2026-08-14,6.393669261531626,13.548390023924439,86.62392483920742,28,9.70410835216612,140.31628944882755,-53.69236460962013,-3.3104390906344943,False,167,135.8,6.9
2026,Erick All Jr.,erick all,TE,CIN,326.36,32.85,254.0,411.0,401,52,2026-08-14,2.7876300345416656,14.036072166663955,39.12737633878675,16,6.4466510716284615,92.90793701650507,-53.78056067771832,-3.659021037086796,False,401,,31.31640643370298
2026,Dawson Knox,dawson knox,TE,BUF,332.21,30.37,274.0,416.0,409,53,2026-08-14,2.722128427423634,14.024455132107963,38.17636799423836,16,6.4466510716284615,92.90793701650507,-54.73156902226671,-3.7245226442048276,False,409,,31.867569156828903
2026,De'Zhaun Stribling,de zhaun stribling,WR,SF,174.84,42.74,100.0,290.0,168,65,2026-08-14,6.324454695723233,13.526744470231247,85.54928258260229,28,9.70410835216612,140.31628944882755,-54.76700686622526,-3.379653656442887,False,168,144.4,17.9
2026,James Conner,james conner,RB,ARI,194.7,41.07,117.0,318.0,186,57,2026-08-14,5.770990190931249,12.522515558393561,72.26731445327319,28,9.217244954749557,127.0929008726215,-54.82558641934831,-3.446254763818308,False,186,,16.503908249693815
2026,Eli Raridon,eli raridon,TE,NE,333.04,38.31,268.0,448.0,411,54,2026-08-14,2.6576543029988127,14.012925145717611,37.241510811116676,16,6.4466510716284615,92.90793701650507,-55.6664262053884,-3.788996768629649,False,411,,32.00535983761038
2026,Travis Hunter,travis hunter,WR,JAC,175.65,30.86,116.0,292.0,170,66,2026-08-14,6.256040417230874,13.505265384621598,84.48948609162179,28,9.70410835216612,140.31628944882755,-55.82680335720576,-3.4480679349352457,False,170,158.8,17.1
2026,Kimani Vidal,kimani vidal,RB,LAC,194.76,35.11,152.0,288.0,187,58,2026-08-14,5.679253947084828,12.485161152031562,70.9064007526654,28,9.217244954749557,127.0929008726215,-56.186500119956094,-3.537991007664729,False,187,,16.572803590084554
2026,Justin Joly,justin joly,TE,DEN,342.32,22.3,295.0,380.0,431,55,2026-08-14,2.594173532584467,14.001481378346659,36.32227240868118,16,6.4466510716284615,92.90793701650507,-56.585664607823894,-3.8524775390439947,False,431,,33.38326664542519
2026,Tre' Harris,tre harris,WR,LAC,180.35,27.53,123.0,296.0,173,67,2026-08-14,6.188406183719161,13.483950208180799,83.44416084926733,28,9.70410835216612,140.31628944882755,-56.87212859956021,-3.5157021684469587,False,173,,15.608268824614191
2026,Malik Willis,malik willis,QB,MIA,130.22,23.63,101.0,300.0,130,21,2026-08-14,13.064395395079663,13.860501335736833,181.0790698240958,12,17.13447293279512,238.13776965069272,-57.05869982659692,-4.070077537715457,False,130,164.1,13.4
2026,Jonnu Smith,jonnu smith,TE,FA,343.33,54.96,281.0,429.0,434,56,2026-08-14,2.531653704620222,13.990122961183571,35.41814662277282,16,6.4466510716284615,92.90793701650507,-57.48979039373226,-3.9149973670082394,False,434,,33.589952666597405
2026,Emmett Johnson,emmett johnson,RB,KC,198.0,40.58,148.0,322.0,192,59,2026-08-14,5.588740578672063,12.44814843857342,69.56947230798855,28,9.217244954749557,127.0929008726215,-57.52342856463295,-3.628504376077494,False,192,,16.917280292038257
2026,Ryan Flournoy,ryan flournoy,WR,DAL,182.63,25.51,149.0,327.0,175,68,2026-08-14,6.121532539991598,13.462796423731442,82.41294638715453,28,9.70410835216612,140.31628944882755,-57.90334306167301,-3.5825758121745217,False,175,162.8,12.3
2026,Noah Fant,noah fant,TE,NO,343.58,26.87,287.0,387.0,435,57,2026-08-14,2.4700640098165074,13.978848993007318,34.5286517962871,16,6.4466510716284615,92.90793701650507,-58.37928522021797,-3.976587061811954,False,435,,33.65884800698815
2026,Sean Tucker,sean tucker,RB,TB,200.06,34.26,141.0,299.0,196,60,2026-08-14,5.4994147333967405,12.411470879644382,68.25582581864091,28,9.217244954749557,127.0929008726215,-58.837075053980584,-3.7178302213528163,False,196,,17.192861653601216
2026,Jalen Nailor,jalen nailor,WR,LV,192.56,42.21,123.0,305.0,183,69,2026-08-14,6.055400776917537,13.441801556526682,81.39549558856304,28,9.70410835216612,140.31628944882755,-58.92079386026451,-3.648707575248583,False,183,140.7,15.8
2026,Austin Hooper,austin hooper,TE,ATL,344.25,24.3,310.0,377.0,436,58,2026-08-14,2.4093751358273856,13.967658546505428,33.65332920767706,16,6.4466510716284615,92.90793701650507,-59.25460780882801,-4.037275935801076,False,436,,33.72774334737889
2026,Kayshon Boutte,kayshon boutte,WR,NE,195.4,27.4,154.0,277.0,188,70,2026-08-14,5.989992893034584,13.420963174714691,80.39147403421987,28,9.70410835216612,140.31628944882755,-59.92481541460768,-3.714115459131536,False,188,166.2,16.9
2026,Tommy Tremble,tommy tremble,TE,CAR,344.25,28.54,291.0,403.0,437,59,2026-08-14,2.349559170510087,13.956550673776412,32.791741624260105,16,6.4466510716284615,92.90793701650507,-60.11619539224497,-4.097091901118374,False,437,,33.79663868776963
2026,Mike Washington Jr.,mike washington,RB,LV,206.02,34.45,143.0,313.0,204,61,2026-08-14,5.411242623411786,12.375122098881997,66.96478817139538,28,9.217244954749557,127.0929008726215,-60.128112701226115,-3.806002331337771,False,204,165.1,19.0
2026,Malik Washington,malik washington,WR,MIA,199.43,36.47,126.0,291.0,194,71,2026-08-14,5.925291558618435,13.400278889606415,79.4005593877177,28,9.70410835216612,140.31628944882755,-60.91573006110984,-3.7788167935476853,False,194,149.4,13.1
2026,Daniel Bellinger,daniel bellinger,TE,TEN,348.0,30.88,306.0,397.0,449,60,2026-08-14,2.2905895129399774,13.945524411121815,31.943471968564083,16,6.4466510716284615,92.90793701650507,-60.96446504794099,-4.156061558688484,False,449,,34.62338277245851
2026,Emanuel Wilson,emanuel wilson,RB,SEA,208.66,35.97,143.0,290.0,208,62,2026-08-14,5.324191932687452,12.33909587924834,65.69571473695099,28,9.217244954749557,127.0929008726215,-61.39718613567051,-3.893053022062105,False,208,,18.0196057382901
2026,Zach Ertz,zach ertz,TE,FA,348.75,45.33,252.0,402.0,453,61,2026-08-14,2.232440791442432,13.934578783218692,31.10812208722566,16,6.4466510716284615,92.90793701650507,-61.799814929279414,-4.2142102801860295,False,453,,34.898964134021476
2026,Dontayvion Wicks,dontayvion wicks,WR,PHI,199.45,29.58,133.0,268.0,195,72,2026-08-14,5.8612800820308095,13.379746355774477,78.42244081772526,28,9.70410835216612,140.31628944882755,-61.89384863110229,-3.8428282701353105,False,195,,17.123966313210477
2026,C.J. Stroud,cj stroud,QB,HOU,140.95,17.22,104.0,214.0,136,22,2026-08-14,12.66575445863707,13.860501335736833,175.55370659205386,12,17.13447293279512,238.13776965069272,-62.58406305863886,-4.468718474158051,False,136,165.4,10.1
2026,Mo Alie-Cox,mo alie cox,TE,IND,349.33,38.31,298.0,390.0,456,62,2026-08-14,2.175088787984235,13.92371280675098,30.28531161307656,16,6.4466510716284615,92.90793701650507,-62.622625403428515,-4.271562283644227,False,456,,35.10565015519369
2026,Nicholas Singleton,nicholas singleton,RB,TEN,216.81,42.14,135.0,323.0,216,63,2026-08-14,5.238231731211021,12.303386160058752,64.44798778496228,28,9.217244954749557,127.0929008726215,-62.64491308765922,-3.9790132235385354,False,216,,18.570768461416023
2026,Troy Franklin,troy franklin,WR,DEN,202.09,37.68,133.0,328.0,200,73,2026-08-14,5.797942378173076,13.359363271007513,77.45681845438334,28,9.70410835216612,140.31628944882755,-62.85947099444421,-3.906165973993044,False,200,,17.46844301516418
2026,Ben Sinnott,ben sinnott,TE,WAS,351.06,19.21,319.0,386.0,460,63,2026-08-14,2.1185103683381374,13.912925493567746,29.474676912039268,16,6.4466510716284615,92.90793701650507,-63.4332601044658,-4.328140703290324,False,460,,35.38123151675666
2026,Pat Bryant,pat bryant,WR,DEN,202.14,30.84,137.0,280.0,201,74,2026-08-14,5.735262938888118,13.339127376141027,76.50340287748953,28,9.70410835216612,140.31628944882755,-63.81288657133801,-3.968845413278002,False,201,,17.53733835555492
2026,MarShawn Lloyd,marshawn lloyd,RB,GB,220.8,54.0,136.0,330.0,220,64,2026-08-14,5.153332395417907,12.267987033792844,63.2210150078115,28,9.217244954749557,127.0929008726215,-63.87188586481,-4.06391255933165,False,220,,18.846349822978983
2026,Luke Musgrave,luke musgrave,TE,GB,351.35,23.43,295.0,384.0,461,64,2026-08-14,2.0626834174965865,13.902215853427268,28.67587010732258,16,6.4466510716284615,92.90793701650507,-64.23206690918249,-4.383967654131875,False,461,,35.450126857147396
2026,Jaylin Noel,jaylin noel,WR,HOU,203.1,29.97,140.0,302.0,202,75,2026-08-14,5.673226805166834,13.319036454783198,75.56191463427028,28,9.70410835216612,140.31628944882755,-64.75437481455727,-4.030881546999286,False,202,,17.606233695945658
2026,Josh Oliver,josh oliver,TE,MIN,355.75,29.32,309.0,390.0,466,65,2026-08-14,2.0075867798655214,13.891582896378244,27.888558174174953,16,6.4466510716284615,92.90793701650507,-65.01937884233013,-4.43906429176294,False,466,,35.7946035591011
2026,Jaydon Blue,jaydon blue,RB,DAL,223.65,47.84,135.0,328.0,226,65,2026-08-14,5.0694655343147215,12.23289274274278,62.01422814430321,28,9.217244954749557,127.0929008726215,-65.07867272831828,-4.147779420434835,False,226,,19.259721865323424
2026,Calvin Ridley,calvin ridley,WR,TEN,204.36,35.76,126.0,316.0,203,76,2026-08-14,5.611819541027678,13.299088332951559,74.63208378471077,28,9.70410835216612,140.31628944882755,-65.68420566411677,-4.092288811138442,False,203,136.7,10.2
2026,Mitchell Evans,mitchell evans,TE,CAR,357.93,19.41,319.0,387.0,471,66,2026-08-14,1.953200203817529,13.881025634822745,27.11242209913213,16,6.4466510716284615,92.90793701650507,-65.79551491737294,-4.493450867810933,False,471,,36.1390802610548
2026,Kaytron Allen,kaytron allen,RB,WAS,227.85,34.91,158.0,324.0,230,66,2026-08-14,4.986603920809042,12.19809767554481,60.82708169528341,28,9.217244954749557,127.0929008726215,-66.26581917733809,-4.230641033940515,False,230,,19.535303226886388
2026,Tanner Koziol,tanner koziol,TE,JAC,365.4,8.89,351.0,377.0,482,67,2026-08-14,1.899504290226389,13.870543085299772,26.347156098296892,16,6.4466510716284615,92.90793701650507,-66.56078091820818,-4.5471467814020725,False,482,,36.896929005352945
2026,Isaac TeSlaa,isaac teslaa,WR,DET,208.59,26.21,163.0,278.0,207,77,2026-08-14,5.551027208949053,13.279280878634612,73.71364947257761,28,9.70410835216612,140.31628944882755,-66.60263997624993,-4.153081143217067,False,207,169.1,18.4
2026,Marlin Klein,marlin klein,TE,HOU,365.67,20.81,349.0,395.0,483,68,2026-08-14,1.8464804446429,13.860134270023456,25.59246688972321,16,6.4466510716284615,92.90793701650507,-67.31547012678186,-4.600170626985562,False,483,,36.965824345743684
2026,Jaylen Wright,jaylen wright,RB,MIA,231.65,26.28,157.0,296.0,234,67,2026-08-14,4.904721427808326,12.163596363632378,59.659051723919156,28,9.217244954749557,127.0929008726215,-67.43384914870234,-4.312523526941231,False,234,,19.810884588449348
2026,Darnell Mooney,darnell mooney,WR,NYG,208.67,25.21,136.0,296.0,209,78,2026-08-14,5.4908363467441,13.259612001290465,72.80635952040996,28,9.70410835216612,140.31628944882755,-67.50992992841759,-4.21327200542202,False,209,,18.088501078680842
2026,Sam Darnold,sam darnold,QB,SEA,141.92,13.57,119.0,203.0,137,23,2026-08-14,12.276188896844287,13.860501335736833,170.1541326024679,12,17.13447293279512,238.13776965069272,-67.98363704822481,-4.858284035950833,False,137,146.0,19.8
2026,Adam Trautman,adam trautman,TE,DEN,370.0,36.44,308.0,415.0,485,69,2026-08-14,1.7941108328054103,13.84979821820556,24.848073015451664,16,6.4466510716284615,92.90793701650507,-68.05986400105341,-4.652540238823051,False,485,,37.10361502652516
2026,Tank Dell,tank dell,WR,HOU,214.57,27.67,150.0,281.0,214,79,2026-08-14,5.431233945776739,13.240079651293067,71.90997004689076,28,9.70410835216612,140.31628944882755,-68.40631940193678,-4.272874406389381,False,214,159.0,14.0
2026,Justice Hill,justice hill,RB,BAL,237.68,38.94,145.0,310.0,239,68,2026-08-14,4.823792968693057,12.129383477642765,58.50963473403491,28,9.217244954749557,127.0929008726215,-68.5832661385866,-4.393451986056499,False,239,,20.15536129040305
2026,Taysom Hill,taysom hill,TE,FA,374.5,65.5,309.0,440.0,493,70,2026-08-14,1.7423783392082992,13.839533967188311,24.113704209166414,16,6.4466510716284615,92.90793701650507,-68.79423280733866,-4.704272732420162,False,493,,37.65477774965109
2026,Antonio Williams,antonio williams,WR,WAS,219.38,40.11,136.0,328.0,218,80,2026-08-14,5.372207430425949,13.220681819335322,71.02424510513046,28,9.70410835216612,140.31628944882755,-69.29204434369709,-4.331900921740171,False,218,,18.708559142197505
2026,Jackson Hawes,jackson hawes,TE,BUF,374.6,7.12,366.0,383.0,494,71,2026-08-14,1.6912665284782538,13.829340563410344,23.389100805822512,16,6.4466510716284615,92.90793701650507,-69.51883621068257,-4.755384543150208,False,494,,37.72367309004183
2026,Ollie Gordon II,ollie gordon,RB,MIA,243.04,22.81,173.0,309.0,244,69,2026-08-14,4.743794441807005,12.095453823803723,57.37834662049338,28,9.217244954749557,127.0929008726215,-69.71455425212812,-4.473450512942552,False,244,,20.499837992356753
2026,Rashod Bateman,rashod bateman,WR,BAL,220.8,28.38,163.0,296.0,221,81,2026-08-14,5.313744638712738,13.201416535797065,70.14895634050534,28,9.70410835216612,140.31628944882755,-70.16733310832221,-4.390363713453382,False,221,130.1,20.7
2026,Elijah Higgins,elijah higgins,TE,ARI,377.67,24.48,353.0,428.0,496,72,2026-08-14,1.6407596093317185,13.81921706322582,22.674013189928612,16,6.4466510716284615,92.90793701650507,-70.23392382657646,-4.805891462296743,False,496,,37.861463770823306
2026,Isaiah Davis,isaiah davis,RB,NYJ,247.78,30.4,171.0,317.0,248,70,2026-08-14,4.664702678641147,12.061802340321996,56.26472168614007,28,9.217244954749557,127.0929008726215,-70.82817918648144,-4.55254227610841,False,248,,20.775419353919713
2026,Luke Schoonmaker,luke schoonmaker,TE,DAL,378.67,2.87,375.0,382.0,497,73,2026-08-14,1.5908424009081426,13.809162533594234,21.96820127947382,16,6.4466510716284615,92.90793701650507,-70.93973573703126,-4.855808670720319,False,497,,37.930359111214045
2026,Cooper Kupp,cooper kupp,WR,SEA,222.0,30.82,140.0,298.0,224,82,2026-08-14,5.255833804011139,13.182281870084925,69.28388266679552,28,9.70410835216612,140.31628944882755,-71.03240678203203,-4.448274548154981,False,224,150.4,18.5
2026,Michael Trigg,michael trigg,TE,DAL,412.5,20.5,392.0,433.0,505,74,2026-08-14,1.541500301292503,13.799176052656454,21.271434042758216,16,6.4466510716284615,92.90793701650507,-71.63650297374686,-4.9051507703359585,False,505,,38.48152183433997
2026,Zachariah Branch,zachariah branch,WR,ATL,229.71,32.85,150.0,313.0,232,83,2026-08-14,5.198463537770632,13.163275929950094,68.42880995945937,28,9.70410835216612,140.31628944882755,-71.88747948936818,-4.505644814395488,False,232,,19.67309390766787
2026,George Holani,george holani,RB,SEA,251.2,40.97,160.0,313.0,254,71,2026-08-14,4.58649539541811,12.028424093791749,55.16831172031211,28,9.217244954749557,127.0929008726215,-71.92458915230938,-4.630749559331447,False,254,,21.188791396264154
2026,Chimere Dike,chimere dike,WR,TEN,232.95,36.76,150.0,328.0,235,84,2026-08-14,5.141622813183137,13.14439686078937,67.58353076496743,28,9.70410835216612,140.31628944882755,-72.73275868386011,-4.562485538982983,False,235,,19.87977992884009
2026,Demond Claiborne,demond claiborne,RB,MIN,254.0,34.79,164.0,354.0,259,72,2026-08-14,4.509151147810723,11.995314275637659,54.0886851343419,28,9.217244954749557,127.0929008726215,-73.0042157382796,-4.708093806938834,False,259,,21.533268098217857
2026,Cam Ward,cam ward,QB,TEN,152.29,21.15,125.0,246.0,147,24,2026-08-14,11.89528630872893,13.860501335736833,164.8746317711094,12,17.13447293279512,238.13776965069272,-73.26313787958333,-5.239186624066191,False,147,,13.816989974454943
2026,Germie Bernard,germie bernard,WR,PIT,236.01,31.72,173.0,319.0,237,85,2026-08-14,5.085300949732744,13.125642844933964,66.74784402519548,28,9.70410835216612,140.31628944882755,-73.56844542363207,-4.618807402433376,False,237,,20.01757060962157
2026,Ty Johnson,ty johnson,RB,BUF,255.07,36.02,156.0,385.0,264,73,2026-08-14,4.432649288552616,11.962468198604611,53.02542614987802,28,9.217244954749557,127.0929008726215,-74.06747472274347,-4.784595666196941,False,264,,21.87774480017156
2026,Elic Ayomanor,elic ayomanor,WR,TEN,242.52,36.68,168.0,344.0,242,86,2026-08-14,5.029487598571196,13.107012100930113,65.9215548159506,28,9.70410835216612,140.31628944882755,-74.39473463287695,-4.674620753594924,False,242,,20.36204731157527
2026,Trey Benson,trey benson,RB,ARI,261.14,47.28,145.0,364.0,274,74,2026-08-14,4.356969927720311,11.92988129330362,51.978134036196955,28,9.217244954749557,127.0929008726215,-75.11476683642454,-4.860275027029246,False,274,,22.56669820407896
2026,Jack Bech,jack bech,WR,LV,244.0,26.3,178.0,331.0,245,87,2026-08-14,4.974172728666176,13.088502882814883,65.10447409876642,28,9.70410835216612,140.31628944882755,-75.21181535006113,-4.729935623499944,False,245,,20.56873333274749
2026,Keon Coleman,keon coleman,WR,BUF,244.59,31.75,140.0,331.0,246,88,2026-08-14,4.919346613673685,13.070113479390141,64.29641848516867,28,9.70410835216612,140.31628944882755,-76.01987096365887,-4.784761738492435,False,246,,20.637628673138234
2026,LeQuint Allen Jr.,lequint allen,RB,JAC,264.49,27.59,169.0,326.0,280,75,2026-08-14,4.28209389548584,11.897549104821659,50.94642239299984,28,9.217244954749557,127.0929008726215,-76.14647847962166,-4.935151059263717,False,280,,22.980070246423402
2026,Brandon Aiyuk,brandon aiyuk,WR,SF,245.86,54.98,128.0,348.0,247,89,2026-08-14,4.864999819489082,13.051842213497306,63.497210012664375,28,9.70410835216612,140.31628944882755,-76.81907943616318,-4.839108532677038,False,247,,20.706524013528973
2026,Jordan James,jordan james,RB,SF,264.7,40.56,160.0,401.0,281,76,2026-08-14,4.208002707156318,11.8654672894013,49.92991847547541,28,9.217244954749557,127.0929008726215,-77.1629823971461,-5.009242247593239,False,281,165.9,9.4
2026,Chris Bell,chris bell,WR,MIA,249.16,30.46,170.0,311.0,251,90,2026-08-14,4.8111231924348346,13.03368744129492,62.70667593176062,28,9.70410835216612,140.31628944882755,-77.60961351706692,-4.8929851597312854,False,251,,20.982105375091933
2026,Chris Brooks,chris brooks,RB,GB,265.18,28.24,182.0,321.0,282,77,2026-08-14,4.134678530332886,11.833631611194829,48.92826255867582,28,9.217244954749557,127.0929008726215,-78.16463831394569,-5.082566424416671,False,282,,23.117860927204884
2026,Cyrus Allen,cyrus allen,WR,KC,249.26,61.96,150.0,439.0,252,91,2026-08-14,4.757707848046033,13.015647551541088,61.924648503368175,28,9.70410835216612,140.31628944882755,-78.39164094545937,-4.946400504120087,False,252,,21.051000715482676
2026,Daniel Jones,daniel jones,QB,IND,159.26,33.56,113.0,295.0,154,25,2026-08-14,11.522655985103288,13.860501335736833,159.70978867276014,12,17.13447293279512,238.13776965069272,-78.42798097793258,-5.611816947691832,False,154,164.8,11.9
2026,DJ Giddens,dj giddens,RB,IND,266.77,24.16,177.0,329.0,283,78,2026-08-14,4.062104154035442,11.802037939096113,47.941107338486205,28,9.217244954749557,127.0929008726215,-79.1517935341353,-5.155140800714115,False,283,,23.186756267595623
2026,Christian Kirk,christian kirk,WR,SF,251.51,30.85,165.0,324.0,255,92,2026-08-14,4.704745160417383,12.997720964882282,61.150964805985474,28,9.70410835216612,140.31628944882755,-79.16532464284208,-4.999363191748737,False,255,,21.257686736654897
2026,Ja'Kobi Lane,ja kobi lane,WR,BAL,251.76,45.73,154.0,339.0,256,93,2026-08-14,4.652226752078072,12.97990613314985,60.38546655210197,28,9.70410835216612,140.31628944882755,-79.93082289672557,-5.051881600088048,False,256,162.6,20.8
2026,Kaelon Black,kaelon black,RB,SF,268.09,45.39,160.0,337.0,288,79,2026-08-14,3.9902629596526378,11.770682243652685,46.96811736668831,28,9.217244954749557,127.0929008726215,-80.12478350593318,-5.226981995096919,False,288,,23.531232969549325
2026,Ted Hurst III,ted hurst,WR,TB,254.24,35.2,184.0,351.0,260,94,2026-08-14,4.600144484363144,12.962201538665449,59.62799991329532,28,9.70410835216612,140.31628944882755,-80.68828953553222,-5.103963867802976,False,260,,21.602163438608596
2026,Samaje Perine,samaje perine,RB,CIN,270.44,39.7,157.0,414.0,292,80,2026-08-14,3.9191388935882525,11.739560594059549,46.00896851781479,28,9.217244954749557,127.0929008726215,-81.0839323548067,-5.298106061161304,False,292,,23.806814331112285
2026,Tory Horton,tory horton,WR,SEA,254.68,23.67,197.0,323.0,261,95,2026-08-14,4.548490448252249,12.944605693556232,58.8784153535322,28,9.70410835216612,140.31628944882755,-81.43787409529534,-5.155617903913871,False,261,,21.67105877899934
2026,Kaleb Johnson,kaleb johnson,RB,PIT,271.06,34.33,145.0,343.0,295,81,2026-08-14,3.848716441485495,11.708669155235574,45.06334748566923,28,9.217244954749557,127.0929008726215,-82.02955338695227,-5.368528513264062,False,295,,24.013500352284506
2026,Malachi Fields,malachi fields,WR,NYG,254.83,33.83,190.0,379.0,263,96,2026-08-14,4.497256955648606,12.927117139080712,58.136567470215034,28,9.70410835216612,140.31628944882755,-82.17972197861252,-5.206851396517514,False,263,,21.808849459780816
2026,Tyreek Hill,tyreek hill,WR,FA,256.37,47.4,133.0,340.0,266,97,2026-08-14,4.446436531072791,12.909734444965839,57.40231484254483,28,9.70410835216612,140.31628944882755,-82.91397460628272,-5.257671821093329,False,266,,22.015535480953037
2026,Devin Neal,devin neal,RB,NO,275.45,37.32,169.0,377.0,299,82,2026-08-14,3.7789806039205245,11.678004184982765,44.13095130755258,28,9.217244954749557,127.0929008726215,-82.96194956506892,-5.438264350829032,False,299,,24.28908171384747
2026,Bryce Young,bryce young,QB,CAR,165.87,21.76,134.0,276.0,158,26,2026-08-14,11.157928832787285,13.860501335736833,154.65448749090467,12,17.13447293279512,238.13776965069272,-83.48328215978805,-5.976544100007835,False,158,,14.574838718753087
2026,Caleb Douglas,caleb douglas,WR,MIA,257.79,57.39,164.0,390.0,267,98,2026-08-14,4.396021903747775,12.892456208755828,56.67551988679961,28,9.70410835216612,140.31628944882755,-83.64076956202794,-5.308086448418345,False,267,,22.08443082134378
2026,Brashard Smith,brashard smith,RB,KC,279.36,22.55,234.0,337.0,307,83,2026-08-14,3.709916873465003,11.647562031228142,43.21148691438359,28,9.217244954749557,127.0929008726215,-83.88141395823791,-5.5073280812845535,False,307,,24.840244436973393
2026,Elijah Sarratt,elijah sarratt,WR,BAL,258.99,23.75,208.0,350.0,269,99,2026-08-14,4.346006000053077,12.875281055173213,55.956048718152495,28,9.70410835216612,140.31628944882755,-84.36024073067506,-5.358102352113043,False,269,,22.222221502125258
2026,Malik Davis,malik davis,RB,DAL,282.95,25.82,219.0,343.0,314,84,2026-08-14,3.6415112130255984,11.617339129347712,42.304670705040735,28,9.217244954749557,127.0929008726215,-84.78823016758076,-5.575733741723958,False,314,,25.322511819708573
2026,Marvin Mims Jr.,marvin mims,WR,DEN,259.05,24.21,202.0,299.0,270,100,2026-08-14,4.296381936327451,12.858207635492311,55.243771018676874,28,9.70410835216612,140.31628944882755,-85.07251843015067,-5.407726415838669,False,270,,22.291116842516
2026,Najee Harris,najee harris,RB,LAC,285.05,32.38,157.0,337.0,316,85,2026-08-14,3.5737500353753533,11.587331999571466,41.41022814337449,28,9.217244954749557,127.0929008726215,-85.682672729247,-5.643494919374204,False,316,,25.460302500490055
2026,Xavier Legette,xavier legette,WR,CAR,259.56,31.85,178.0,332.0,272,101,2026-08-14,4.247143012000791,12.841234626925466,54.53855991120908,28,9.70410835216612,140.31628944882755,-85.77772953761847,-5.456965340165329,False,272,,22.428907523297482
2026,Darius Slayton,darius slayton,WR,NYG,267.21,28.0,199.0,371.0,284,102,2026-08-14,4.198282703037195,12.824360732022095,53.840291838757786,28,9.70410835216612,140.31628944882755,-86.47599761006975,-5.505825649128925,False,284,,23.255651607986366
2026,Kendre Miller,kendre miller,RB,NO,287.16,36.37,164.0,366.0,319,86,2026-08-14,3.506620183798585,11.55753724446837,40.527893376456674,28,9.217244954749557,127.0929008726215,-86.56500749616482,-5.710624770950972,False,319,,25.666988521662276
2026,Tyquan Thornton,tyquan thornton,WR,KC,267.62,31.88,170.0,370.0,285,103,2026-08-14,4.1497946556723395,12.80758467808073,53.14884644917035,28,9.70410835216612,140.31628944882755,-87.1674429996572,-5.5543136964937805,False,285,,23.324546948377105
2026,Devin Singletary,devin singletary,RB,NYG,288.53,26.57,162.0,332.0,321,87,2026-08-14,3.4401089137767955,11.527951546509769,39.65740887273525,28,9.217244954749557,127.0929008726215,-87.43549199988624,-5.777136040972762,False,321,,25.804779202443754
2026,Keenan Allen,keenan allen,WR,LAC,267.75,28.87,168.0,298.0,287,104,2026-08-14,4.1016726804292905,12.79090521657403,52.4641064847822,28,9.70410835216612,140.31628944882755,-87.85218296404534,-5.6024356717368295,False,287,,23.462337629158586
2026,Emari Demercado,emari demercado,RB,KC,288.75,35.92,162.0,381.0,322,88,2026-08-14,3.3742038756486874,11.49857166570974,38.798525078861985,28,9.217244954749557,127.0929008726215,-88.29437579375951,-5.843041079100869,False,322,,25.873674542834497
2026,Jacoby Brissett,jacoby brissett,QB,ARI,195.56,39.11,134.0,340.0,189,27,2026-08-14,10.800756819510674,13.860501335736833,149.70390432379642,12,17.13447293279512,238.13776965069272,-88.4338653268963,-6.333716113284446,False,189,,16.710594270866036
2026,Kyle Williams,kyle williams,WR,NE,270.51,32.31,195.0,343.0,294,105,2026-08-14,4.0539107463979125,12.774321122586766,51.785957676792336,28,9.70410835216612,140.31628944882755,-88.53033177203521,-5.6501976057682075,False,294,,23.944605011893767
2026,Jerome Ford,jerome ford,RB,WAS,290.13,27.37,200.0,326.0,325,89,2026-08-14,3.3088930981822777,11.469394437340632,37.95100009404663,28,9.217244954749557,127.0929008726215,-89.14190077857486,-5.908351856567279,False,325,,26.080360564006718
2026,Devaughn Vele,devaughn vele,WR,NO,272.27,19.49,221.0,315.0,296,106,2026-08-14,4.006502975763979,12.757831194266737,51.1142886441242,28,9.70410835216612,140.31628944882755,-89.20200080470335,-5.697605376402141,False,296,,24.08239569267525
2026,Mack Hollins,mack hollins,WR,NE,277.26,35.15,205.0,384.0,302,107,2026-08-14,3.959443638574905,12.741434252288537,50.448990796544244,28,9.70410835216612,140.31628944882755,-89.8672986522833,-5.744664713591215,False,302,,24.49576773501969
2026,Adam Randall,adam randall,RB,BAL,291.46,27.57,205.0,338.0,328,90,2026-08-14,3.244164973001711,11.440416769721983,37.114599360873434,28,9.217244954749557,127.0929008726215,-89.97830151174807,-5.973079981747846,False,328,,26.28704658517894
2026,Andrei Iosivas,andrei iosivas,WR,CIN,277.84,30.65,197.0,361.0,304,108,2026-08-14,3.9127271477298238,12.725129139330003,49.78995824182435,28,9.70410835216612,140.31628944882755,-90.5263312070032,-5.791381204436297,False,304,,24.63355841580117
2026,Jaleel McLaughlin,jaleel mclaughlin,RB,DEN,294.13,30.42,177.0,381.0,332,91,2026-08-14,3.1800082398156313,11.41163564208095,36.289095371591166,28,9.217244954749557,127.0929008726215,-90.80380550103033,-6.037236714933925,False,332,,26.562627946741898
2026,Chris Brazzell II,chris brazzell,WR,CAR,281.0,32.96,227.0,368.0,309,109,2026-08-14,3.866348054182501,12.708914719561296,49.137087696747166,28,9.70410835216612,140.31628944882755,-91.17920175208039,-5.837760297983619,False,309,,24.97803511775487
2026,Seth McGowan,seth mcgowan,RB,IND,294.42,27.15,208.0,343.0,334,92,2026-08-14,3.1164119723976427,11.383048102482292,35.47426738895408,28,9.217244954749557,127.0929008726215,-91.61863348366742,-6.100832982351914,False,334,,26.70041862752338
2026,Elijah Moore,elijah moore,WR,PHI,281.5,17.5,264.0,299.0,310,110,2026-08-14,3.8203010423462005,12.692789878146334,48.49027840176374,28,9.70410835216612,140.31628944882755,-91.82601104706382,-5.88380730981992,False,310,,25.046930458145614
2026,Bam Knight,bam knight,RB,ARI,300.36,34.31,201.0,358.0,344,93,2026-08-14,3.053365565273161,11.35465126582596,34.6699011807583,28,9.217244954749557,127.0929008726215,-92.4229996918632,-6.163879389476396,False,344,,27.38937203143078
2026,Hollywood Brown,hollywood brown,WR,PHI,283.76,25.23,218.0,375.0,315,111,2026-08-14,3.774580925690376,12.676753520756511,47.84943203912585,28,9.70410835216612,140.31628944882755,-92.4668574097017,-5.929527426475744,False,315,,25.391407160099313
2026,Skyler Bell,skyler bell,WR,BUF,285.16,35.21,200.0,384.0,317,112,2026-08-14,3.7291826425195005,12.660804573096408,47.21445265432264,28,9.70410835216612,140.31628944882755,-93.1018367945049,-5.9749257096466195,False,317,,25.529197840880794
2026,Jarquez Hunter,jarquez hunter,RB,LAR,300.63,22.68,248.0,361.0,345,94,2026-08-14,2.990858721069934,11.3264423119103,33.875788767272425,28,9.217244954749557,127.0929008726215,-93.21711210534907,-6.226386233679623,False,345,,27.458267371821524
2026,Aaron Rodgers,aaron rodgers,QB,PIT,221.65,43.52,147.0,343.0,223,28,2026-08-14,10.450812132404806,13.860501335736833,144.8534955207315,12,17.13447293279512,238.13776965069272,-93.2842741299612,-6.683660800390314,False,223,,19.053035844151204
2026,Isaiah Bond,isaiah bond,WR,CLE,290.71,29.07,230.0,388.0,327,113,2026-08-14,3.684101251925057,12.644941980441354,46.5852465806637,28,9.70410835216612,140.31628944882755,-93.73104286816385,-6.020007100241063,False,327,,26.218151244788196
2026,Tahj Brooks,tahj brooks,RB,CIN,301.49,20.59,237.0,343.0,346,95,2026-08-14,2.928881438492743,11.29841848355888,33.091728180818926,28,9.217244954749557,127.0929008726215,-94.00117269180257,-6.288363516256814,False,346,,27.527162712212263
2026,Diontae Johnson,diontae johnson,WR,FA,291.5,68.5,223.0,360.0,329,114,2026-08-14,3.6393319299021787,12.629164707186586,45.96172236685784,28,9.70410835216612,140.31628944882755,-94.3545670819697,-6.064776422263941,False,329,,26.355941925569677
2026,Isaac Guerendo,isaac guerendo,RB,SF,303.15,26.67,219.0,362.0,348,96,2026-08-14,2.8674240008853555,11.270577084808997,32.31752323680982,28,9.217244954749557,127.0929008726215,-94.77537763581168,-6.349820953864201,False,348,,27.664953392993745
2026,Jalen Tolbert,jalen tolbert,WR,MIA,292.56,46.85,179.0,388.0,331,115,2026-08-14,3.594869965622827,12.61347173640777,45.343790707444704,28,9.70410835216612,140.31628944882755,-94.97249874138285,-6.109238386543293,False,331,,26.49373260635116
2026,Audric Estime,audric estime,RB,NO,304.84,23.19,248.0,370.0,353,97,2026-08-14,2.806476965345409,11.242915479159866,31.552983315587504,28,9.217244954749557,127.0929008726215,-95.53991755703399,-6.410767989404148,False,353,,28.009430094947444
2026,Jahan Dotson,jahan dotson,WR,ATL,294.88,40.89,195.0,375.0,335,116,2026-08-14,3.5507107578580275,12.597862069432706,44.7313643759463,28,9.70410835216612,140.31628944882755,-95.58492507288125,-6.1533975943080925,False,335,,26.76931396791412
2026,Xavier Restrepo,xavier restrepo,WR,TEN,295.25,36.23,239.0,330.0,336,117,2026-08-14,3.506849811541965,12.582334725423896,44.12435816061071,28,9.70410835216612,140.31628944882755,-96.19193128821684,-6.197258540624155,False,336,,26.83820930830486
2026,Raheem Mostert,raheem mostert,RB,LV,305.0,9.0,296.0,314.0,354,98,2026-08-14,2.7460311523602403,11.21543108787859,30.797923154464108,28,9.217244954749557,127.0929008726215,-96.29497771815738,-6.471213802389316,False,354,,28.078325435338186
2026,Brandin Cooks,brandin cooks,WR,FA,295.67,29.01,269.0,336.0,339,118,2026-08-14,3.4632827344712016,12.566888740971814,43.522688802628224,28,9.70410835216612,140.31628944882755,-96.79360064619932,-6.240825617694918,False,339,,27.044895329477082
2026,Joe Mixon,joe mixon,RB,FA,305.19,39.99,153.0,363.0,355,99,2026-08-14,2.6860776359337972,11.188121388362012,30.052162649391786,28,9.217244954749557,127.0929008726215,-97.04073822322971,-6.5311673188157595,False,355,,28.147220775728925
2026,Ashton Dulin,ashton dulin,WR,IND,303.78,27.43,250.0,340.0,350,119,2026-08-14,3.4200052341326277,12.551523169698587,42.926274936706115,28,9.70410835216612,140.31628944882755,-97.39001451212144,-6.284103118033492,False,350,,27.802744073775223
2026,Trevor Etienne,trevor etienne,RB,CAR,307.37,18.74,251.0,358.0,360,100,2026-08-14,2.626607734176762,11.160983912552533,29.3155266657329,28,9.217244954749557,127.0929008726215,-97.7773742068886,-6.590637220572795,False,360,,28.491697477682628
2026,Konata Mumpfield,konata mumpfield,WR,LAR,304.41,28.57,245.0,367.0,351,120,2026-08-14,3.3770131146541438,12.536237081871862,42.33503703389487,28,9.70410835216612,140.31628944882755,-97.98125241493267,-6.327095237511976,False,351,,27.871639414165966
2026,Geno Smith,geno smith,QB,NYJ,227.81,32.44,147.0,285.0,229,29,2026-08-14,10.10778617728909,13.860501335736833,140.09898381165772,12,17.13447293279512,238.13776965069272,-98.038785839035,-7.026686755506031,False,229,,19.466407886495645
2026,Eli Heidenreich,eli heidenreich,RB,PIT,307.96,33.75,248.0,373.0,361,101,2026-08-14,2.567613000333896,11.13401624540618,28.5878448576337,28,9.217244954749557,127.0929008726215,-98.5050560149878,-6.649631954415661,False,361,,28.560592818073367
2026,Brenen Thompson,brenen thompson,WR,LAC,305.39,39.13,247.0,384.0,356,121,2026-08-14,3.3343022738723547,12.521029564028606,41.74889734656356,28,9.70410835216612,140.31628944882755,-98.567392102264,-6.369806078293765,False,356,,28.216116116119665
2026,Cedric Tillman,cedric tillman,WR,CLE,305.89,30.66,247.0,387.0,357,122,2026-08-14,3.291868700511911,12.505899718608626,41.167779855428456,28,9.70410835216612,140.31628944882755,-99.1485095933991,-6.412239651654209,False,357,,28.285011456510407
2026,Phil Mafah,phil mafah,RB,DAL,310.79,40.16,243.0,400.0,367,102,2026-08-14,2.509085214224239,11.10721602341102,27.86895149553514,28,9.217244954749557,127.0929008726215,-99.22394937708636,-6.708159740525318,False,367,,28.97396486041781
2026,Tez Johnson,tez johnson,WR,TB,306.8,26.97,258.0,371.0,359,123,2026-08-14,3.2497084714713593,12.490846663597521,40.59161021854263,28,9.70410835216612,140.31628944882755,-99.72467923028492,-6.45439988069476,False,359,,28.422802137291885
2026,Kareem Hunt,kareem hunt,RB,FA,315.02,25.14,260.0,422.0,376,103,2026-08-14,2.4510163740713935,11.080580933154284,27.15868530138443,28,9.217244954749557,127.0929008726215,-99.93421557123708,-6.766228580678163,False,376,,29.59402292393447
2026,Kendrick Bourne,kendrick bourne,WR,ARI,308.68,54.47,218.0,447.0,362,124,2026-08-14,3.207817749210706,12.47586953217887,40.02031572216044,28,9.70410835216612,140.31628944882755,-100.29597372666711,-6.496290602955414,False,362,,28.629488158464106
2026,Will Shipley,will shipley,RB,PHI,317.92,21.59,257.0,360.0,380,104,2026-08-14,2.393398688702714,11.05410870993647,26.456889291139195,28,9.217244954749557,127.0929008726215,-100.63601158148231,-6.823846266046843,False,380,,29.869604285497434
2026,Joshua Palmer,joshua palmer,WR,BUF,308.79,41.82,208.0,385.0,363,125,2026-08-14,3.1661927792361375,12.460967472395412,39.45382523339474,28,9.70410835216612,140.31628944882755,-100.86246421543281,-6.5379155729299825,False,363,,28.69838349885485
2026,Reggie Gilliam,reggie gilliam,RB,NE,319.5,18.5,301.0,338.0,382,105,2026-08-14,2.3362245700972704,11.027797136430776,25.763410624177897,28,9.217244954749557,127.0929008726215,-101.3294902484436,-6.881020384652286,False,382,,30.007394966278913
2026,Luke McCaffrey,luke mccaffrey,WR,WAS,311.49,27.25,265.0,404.0,368,126,2026-08-14,3.1248298876774836,12.446139646818965,38.89206915458758,28,9.70410835216612,140.31628944882755,-101.42422029423997,-6.579278464488636,False,368,,29.042860200808548
2026,Olamide Zaccheaus,olamide zaccheaus,WR,ATL,312.94,33.28,224.0,371.0,370,127,2026-08-14,3.0837254789543973,12.431385232228877,38.33497937932162,28,9.70410835216612,140.31628944882755,-101.98131006950592,-6.620382873211723,False,370,,29.18065088159003
2026,Raheim Sanders,raheim sanders,RB,CLE,320.41,29.84,256.0,384.0,384,106,2026-08-14,2.2794866262640614,11.001644041386307,25.078100459257787,28,9.217244954749557,127.0929008726215,-102.01480041336372,-6.937758328485495,False,384,,30.145185647060394
2026,Roman Wilson,roman wilson,WR,PIT,313.0,30.45,272.0,362.0,371,128,2026-08-14,3.0428760335273193,12.416703419298786,37.78248925000099,28,9.70410835216612,140.31628944882755,-102.53380019882655,-6.661232318638801,False,371,,29.249546221980772
2026,Ty Chandler,ty chandler,RB,NO,321.0,36.93,283.0,382.0,388,107,2026-08-14,2.2231776544328525,10.975647298373492,24.400813816680255,28,9.217244954749557,127.0929008726215,-102.69208705594124,-6.994067300316704,False,388,,30.420767008623354
2026,Fernando Mendoza,fernando mendoza,QB,LV,255.58,37.52,172.0,345.0,265,30,2026-08-14,9.771388502359367,13.860501335736833,135.43634338895552,12,17.13447293279512,238.13776965069272,-102.7014262617372,-7.3630844304357534,False,265,,21.946640140562298
2026,Jalen Royals,jalen royals,WR,KC,314.14,24.76,259.0,371.0,373,129,2026-08-14,3.002278105729527,12.402093412291446,37.23453351693501,28,9.70410835216612,140.31628944882755,-103.08175593189253,-6.701830246436593,False,373,,29.38733690276225
2026,J'Mari Taylor,j mari taylor,RB,JAC,327.69,21.57,305.0,376.0,404,108,2026-08-14,2.1672906345412333,10.94980482457022,23.73140944634545,28,9.217244954749557,127.0929008726215,-103.36149142627605,-7.0499543202083235,False,404,,31.5230924548752
2026,Calvin Austin III,calvin austin,WR,NYG,314.25,35.29,262.0,411.0,374,130,2026-08-14,2.9619283216767798,12.387554428761428,36.6910482988611,28,9.70410835216612,140.31628944882755,-103.62524114996646,-6.74218003048934,False,374,,29.456232243152993
2026,Khalil Herbert,khalil herbert,RB,SF,328.5,31.6,294.0,378.0,405,109,2026-08-14,2.111818723002452,10.924114579587272,23.06974970139646,28,9.217244954749557,127.0929008726215,-104.02315117122504,-7.105426231747105,False,405,,31.59198779526594
2026,KaVontae Turpin,kavontae turpin,WR,DAL,316.0,54.42,218.0,434.0,377,131,2026-08-14,2.9218233772511724,12.373085699265479,36.15197104484604,28,9.70410835216612,140.31628944882755,-104.1643184039815,-6.782284974914948,False,377,,29.662918264325214
2026,Nick Chubb,nick chubb,RB,FA,329.2,30.28,275.0,402.0,407,110,2026-08-14,2.056755246739465,10.898574564331604,22.415700417170306,28,9.217244954749557,127.0929008726215,-104.67720045545119,-7.1604897080100915,False,407,,31.72977847604742
2026,DeMario Douglas,demario douglas,WR,NE,316.26,42.63,218.0,424.0,378,132,2026-08-14,2.8819600361561015,12.358686467080297,35.617240497508654,28,9.70410835216612,140.31628944882755,-104.6990489513189,-6.8221483160100185,False,378,,29.731813604715953
2026,Malik Benson,malik benson,WR,LV,320.11,71.87,236.0,436.0,383,133,2026-08-14,2.842335128039304,12.344355987927585,35.0867966575089,28,9.70410835216612,140.31628944882755,-105.22949279131865,-6.861773224126816,False,383,,30.076290306669655
2026,Kyle Juszczyk,kyle juszczyk,RB,SF,331.8,43.0,237.0,364.0,408,111,2026-08-14,2.002093697471718,10.873182819906226,21.76913079519202,28,9.217244954749557,127.0929008726215,-105.32377007742949,-7.215151257277839,False,408,,31.79867381643816
2026,Odell Beckham Jr.,odell beckham,WR,NYG,323.33,19.29,305.0,350.0,390,134,2026-08-14,2.802945546681089,12.330093529706126,34.560580749251095,28,9.70410835216612,140.31628944882755,-105.75570869957645,-6.901162805485031,False,390,,30.558557689404836
2026,Hunter Luepke,hunter luepke,RB,DAL,333.25,47.27,284.0,381.0,413,112,2026-08-14,1.947827726241604,10.847937426545244,21.129913291958818,28,9.217244954749557,127.0929008726215,-105.96298758066268,-7.269417228507953,False,413,,32.14315051839186
2026,Bryce Lance,bryce lance,WR,NO,323.92,31.41,270.0,386.0,392,135,2026-08-14,2.7637882482450618,12.315898372230707,34.03853518775171,28,9.70410835216612,140.31628944882755,-106.27775426107584,-6.940320103921058,False,392,,30.696348370186318
2026,Michael Carter,michael carter,RB,TEN,334.5,28.79,283.0,416.0,415,113,2026-08-14,1.8939511381687897,10.822836502582941,20.497923512281684,28,9.217244954749557,127.0929008726215,-106.59497736033981,-7.323293816580767,False,415,,32.28094119917334
2026,Treylon Burks,treylon burks,WR,WAS,324.04,43.56,195.0,410.0,393,136,2026-08-14,2.7248602495887564,12.301769806977722,33.52060354662474,28,9.70410835216612,140.31628944882755,-106.7956859022028,-6.979248102577364,False,393,,30.765243710577057
2026,Jawhar Jordan,jawhar jordan,RB,HOU,336.77,32.38,282.0,409.0,418,114,2026-08-14,1.8404578874208575,10.79787820345562,19.873040106959653,28,9.217244954749557,127.0929008726215,-107.21986076566185,-7.376787067328699,False,418,,32.487627220345566
2026,Tua Tagovailoa,tua tagovailoa,QB,ATL,264.28,37.9,134.0,346.0,279,31,2026-08-14,9.441345700760657,13.860501335736833,130.8617846965463,12,17.13447293279512,238.13776965069272,-107.27598495414642,-7.693127232034463,False,279,,22.911174906032663
2026,Tyler Lockett,tyler lockett,WR,LV,324.67,68.19,247.0,413.0,394,137,2026-08-14,2.686158626631718,12.287707136837223,33.00673052713943,28,9.70410835216612,140.31628944882755,-107.30955892168811,-7.017949725534402,False,394,,30.834139050967796
2026,Xavier Smith,xavier smith,WR,LAR,325.33,43.18,289.0,386.0,396,138,2026-08-14,2.6476805127786314,12.273709675871295,32.49686192830696,28,9.70410835216612,140.31628944882755,-107.81942752052058,-7.056427839387489,False,396,,30.971929731749277
2026,Sione Vaki,sione vaki,RB,DET,339.25,27.34,310.0,393.0,425,115,2026-08-14,1.7873420723896452,10.773060720735014,19.255144674578005,28,9.217244954749557,127.0929008726215,-107.8377561980435,-7.429902882359912,False,425,,32.969894603080746
2026,Dont'e Thornton Jr.,dont e thornton,WR,LV,325.53,35.46,270.0,384.0,397,139,2026-08-14,2.609423097395389,12.259776749078542,31.990944617956504,28,9.70410835216612,140.31628944882755,-108.32534483087105,-7.094685254770731,False,397,,31.040825072140017
2026,Dylan Laube,dylan laube,RB,LV,342.5,18.57,314.0,360.0,432,116,2026-08-14,1.7345979310632025,10.748382281192212,18.644121667232394,28,9.217244954749557,127.0929008726215,-108.4487792053891,-7.482647023686354,False,432,,33.45216198581593
2026,Kevin Coleman Jr.,kevin coleman,WR,MIA,325.71,46.72,240.0,421.0,400,140,2026-08-14,2.571383624335793,12.245907692164511,31.488926504759544,28,9.70410835216612,140.31628944882755,-108.827362944068,-7.132724727830327,False,400,,31.24751109331224
2026,Max Bredeson,max bredeson,RB,MIN,343.0,51.0,292.0,394.0,433,117,2026-08-14,1.6822198365838172,10.723841145890953,18.039858299991494,28,9.217244954749557,127.0929008726215,-109.05304257263,-7.5350251181657395,False,433,,33.521057326206666
2026,Kalif Raymond,kalif raymond,WR,CHI,327.07,37.51,270.0,380.0,402,141,2026-08-14,2.533559390517029,12.232101851317935,30.990756511167287,28,9.70410835216612,140.31628944882755,-109.32553293766026,-7.170548961649091,False,402,,31.38530177409372
2026,Zamir White,zamir white,RB,SF,344.5,35.5,309.0,380.0,438,118,2026-08-14,1.630202292983208,10.699435609309306,17.44224446392222,28,9.217244954749557,127.0929008726215,-109.65065640869928,-7.587042661766349,False,438,,33.86553402816037
2026,Greg Dortch,greg dortch,WR,DET,327.67,40.74,271.0,397.0,403,142,2026-08-14,2.4959477445419047,12.21835858299257,30.49638454722453,28,9.70410835216612,140.31628944882755,-109.81990490160302,-7.208160607624215,False,403,,31.45419711448446
2026,Jeremy McNichols,jeremy mcnichols,RB,WAS,344.67,43.15,257.0,389.0,439,119,2026-08-14,1.5785399310863113,10.675163998488642,16.851172642509333,28,9.217244954749557,127.0929008726215,-110.24172823011216,-7.638705023663245,False,439,,33.93442936855111
2026,John Metchie III,john metchie,WR,CAR,328.95,38.55,272.0,417.0,406,143,2026-08-14,2.4585460853659686,12.204677253694497,30.005761485225687,28,9.70410835216612,140.31628944882755,-110.31052796360186,-7.245562266800151,False,406,,31.660883135656682
2026,Reggie Virgil,reggie virgil,WR,ARI,333.0,41.0,292.0,374.0,410,144,2026-08-14,2.4213518610078246,12.191057239774775,29.518839135181565,28,9.70410835216612,140.31628944882755,-110.79745031364598,-7.282756491158295,False,410,,31.936464497219642
2026,Rasheen Ali,rasheen ali,RB,BAL,344.89,21.44,314.0,374.0,441,120,2026-08-14,1.527227504575757,10.65102467220903,16.26653783131262,28,9.217244954749557,127.0929008726215,-110.82636304130888,-7.6900174501738,False,441,,34.07222004933259
2026,Tutu Atwell,tutu atwell,WR,MIA,333.05,40.54,247.0,425.0,412,145,2026-08-14,2.3843625673009416,12.177497927227225,29.035570221065402,28,9.70410835216612,140.31628944882755,-111.28071922776215,-7.319745784865178,False,412,,32.074255178001124
2026,Jam Miller,jam miller,RB,NE,346.44,32.08,284.0,387.0,443,121,2026-08-14,1.4762598862094443,10.627016020190037,15.688237460711687,28,9.217244954749557,127.0929008726215,-111.40466341190981,-7.7409850685401125,False,443,,34.21001073011407
2026,Jahdae Walker,jahdae walker,WR,CHI,333.75,24.85,305.0,371.0,414,146,2026-08-14,2.347575746685303,12.16399871149124,28.55590835780811,28,9.70410835216612,140.31628944882755,-111.76038109101944,-7.356532605480817,False,414,,32.2120458587826
2026,Michael Penix Jr.,michael penix,QB,ATL,289.64,24.13,218.0,347.0,324,32,2026-08-14,9.117400326977895,13.860501335736833,126.37173941052455,12,17.13447293279512,238.13776965069272,-111.76603024016816,-8.017072605817225,False,324,,26.011465223615975
2026,Damien Martinez,damien martinez,RB,GB,347.22,37.29,278.0,412.0,445,122,2026-08-14,1.4256320641840716,10.603136462316124,15.11617132159713,28,9.217244954749557,127.0929008726215,-111.97672955102436,-7.791612890565485,False,445,,34.34780141089555
2026,Theo Wease Jr.,theo wease,WR,MIA,335.0,67.45,255.0,420.0,416,147,2026-08-14,2.31098898703746,12.150558997259495,28.079808029015613,28,9.70410835216612,140.31628944882755,-112.23648141981194,-7.39311936512866,False,416,138.7,13.8
2026,Miles Sanders,miles sanders,RB,FA,348.0,72.97,271.0,446.0,447,123,2026-08-14,1.375339138637866,10.579384447885673,14.550241493873916,28,9.217244954749557,127.0929008726215,-112.54265937874759,-7.841905816111691,False,447,,34.485592091677034
2026,Nick Westbrook-Ikhine,nick westbrook ikhine,WR,IND,335.57,43.93,258.0,414.0,417,148,2026-08-14,2.2745999205374368,12.137178198290387,27.607224565380026,28,9.70410835216612,140.31628944882755,-112.70906488344752,-7.429508431628683,False,417,,32.41873187995482
2026,Sincere McCormick,sincere mccormick,RB,SF,348.0,46.0,302.0,394.0,448,124,2026-08-14,1.3253763182860965,10.555758454882891,13.990352277650022,28,9.217244954749557,127.0929008726215,-113.10254859497148,-7.89186863646346,False,448,,34.55448743206777
2026,Savion Williams,savion williams,WR,GB,337.13,35.39,272.0,445.0,419,149,2026-08-14,2.238406222571122,12.123855737225094,27.138114123759248,28,9.70410835216612,140.31628944882755,-113.1781753250683,-7.465702129594998,False,419,,32.556522560736305
2026,Xavier Hutchinson,xavier hutchinson,WR,HOU,337.22,25.74,295.0,378.0,420,150,2026-08-14,2.2024056106668652,12.110591045409118,26.672433666900936,28,9.70410835216612,140.31628944882755,-113.64385578192662,-7.501702741499255,False,420,,32.625417901127044
2026,Dameon Pierce,dameon pierce,RB,PHI,348.92,20.8,311.0,381.0,454,125,2026-08-14,1.275738917183439,10.5322569892718,13.436410126991314,28,9.217244954749557,127.0929008726215,-113.65649074563018,-7.941506037566118,False,454,,34.967859474412215
2026,Van Jefferson,van jefferson,WR,WAS,338.5,35.5,303.0,374.0,422,151,2026-08-14,2.166595843464872,12.097383562718193,26.210140943785504,28,9.70410835216612,140.31628944882755,-114.10614850504204,-7.537512508701248,False,422,,32.76320858190852
2026,Roschon Johnson,roschon johnson,RB,CHI,350.5,25.87,314.0,391.0,458,126,2026-08-14,1.2264223516072548,10.50887858431145,12.888323586126367,28,9.217244954749557,127.0929008726215,-114.20457728649514,-7.990822603142302,False,458,,35.24344083597517
2026,Michael Woods II,michael woods,WR,DEN,338.5,58.5,280.0,397.0,423,152,2026-08-14,2.130974719718342,12.084232737388419,25.751194470567498,28,9.70410835216612,140.31628944882755,-114.56509497826005,-7.573133632447778,False,423,,32.83210392229926
2026,Terrell Jennings,terrell jennings,RB,NE,351.71,28.22,319.0,407.0,462,127,2026-08-14,1.1774221370565563,10.485621799891709,12.34600322799531,28,9.217244954749557,127.0929008726215,-114.74689764462619,-8.039822817693,False,462,,35.519022197538135
2026,Zavion Thomas,zavion thomas,WR,CHI,340.38,46.67,266.0,442.0,426,153,2026-08-14,2.095540077325026,12.071138025850535,25.295553512091892,28,9.70410835216612,140.31628944882755,-115.02073593673566,-7.608568274841094,False,426,,33.038789943471485
2026,Austin Ekeler,austin ekeler,RB,FA,354.15,26.73,297.0,392.0,464,128,2026-08-14,1.1287338853614166,10.462485221888903,11.809361595039064,28,9.217244954749557,127.0929008726215,-115.28353927758243,-8.08851106938814,False,464,,35.65681287831962
2026,Colbie Young,colbie young,WR,CIN,340.8,31.11,304.0,380.0,427,154,2026-08-14,2.0602897923881827,12.058098892568182,24.843178063965475,28,9.70410835216612,140.31628944882755,-115.47311138486208,-7.643818559777937,False,427,,33.107685283862224
2026,Tyler Goodson,tyler goodson,RB,ATL,356.2,24.69,329.0,394.0,468,129,2026-08-14,1.0803533018979437,10.439467461540572,11.2783131421315,28,9.217244954749557,127.0929008726215,-115.81458773049,-8.136891652851613,False,468,,35.932394239882576
2026,Mitch Tinsley,mitch tinsley,WR,CIN,341.75,43.49,286.0,396.0,428,155,2026-08-14,2.0252217783058537,12.045114809880086,24.394028835163525,28,9.70410835216612,140.31628944882755,-115.92226061366402,-7.678886573860266,False,428,,33.17658062425296
2026,Deshaun Watson,deshaun watson,QB,CLE,292.13,24.55,242.0,348.0,330,33,2026-08-14,8.799309848823755,13.860501335736833,121.96284591318393,12,17.13447293279512,238.13776965069272,-116.17492373750879,-8.335163083971365,False,330,,26.424837265960416
2026,Zavier Scott,zavier scott,RB,MIN,358.0,24.65,322.0,387.0,472,130,2026-08-14,1.0322761829042442,10.416567154838727,10.752774181562645,28,9.217244954749557,127.0929008726215,-116.34012669105886,-8.184968771845313,False,472,,36.20797560144554
2026,DeAndre Hopkins,deandre hopkins,WR,BAL,344.75,84.77,221.0,451.0,440,156,2026-08-14,1.9903339848873625,12.032185257845999,23.948067231151605,28,9.70410835216612,140.31628944882755,-116.36822221767594,-7.7137743672787575,False,440,,34.00332470894185
2026,Jaylin Lane,jaylin lane,WR,WAS,345.14,31.04,298.0,412.0,442,157,2026-08-14,1.9556243974961571,12.019309724096356,23.505255337505638,28,9.70410835216612,140.31628944882755,-116.8110341113219,-7.748483954669963,False,442,,34.14111538972333
2026,Miles Davis,miles davis,RB,CAR,362.5,20.5,342.0,383.0,476,131,2026-08-14,0.9844984128929184,10.393782961940968,10.232662829984339,28,9.217244954749557,127.0929008726215,-116.86023804263716,-8.232746541856638,False,476,,36.4835569630085
2026,Jordan Whittington,jordan whittington,WR,LAR,347.62,44.08,286.0,443.0,446,158,2026-08-14,1.921091036217966,12.006487703685492,23.06555590401143,28,9.70410835216612,140.31628944882755,-117.25073354481611,-7.783017315948154,False,446,,34.41669675128629
2026,Antonio Gibson,antonio gibson,RB,FA,362.6,41.5,326.0,435.0,477,132,2026-08-14,0.9370159621559822,10.371113566598822,9.717898957235555,28,9.217244954749557,127.0929008726215,-117.37500191538595,-8.280228992593575,False,477,,36.55245230339924
2026,CJ Daniels,cj daniels,WR,LAR,348.13,33.06,289.0,419.0,450,159,2026-08-14,1.8867319550534472,11.993718698948364,22.628932329227933,28,9.70410835216612,140.31628944882755,-117.68735711959961,-7.817376397112673,False,450,,34.69227811284925
2026,Elijah Mitchell,elijah mitchell,RB,FA,362.67,71.13,292.0,460.0,478,133,2026-08-14,0.8898248843582017,10.348557675602787,9.208404136967431,28,9.217244954749557,127.0929008726215,-117.88449673565407,-8.327420070391355,False,478,,36.62134764378998
2026,Devontez Walker,devontez walker,WR,BAL,348.58,46.46,287.0,452.0,452,160,2026-08-14,1.852545241134374,11.981002219360644,22.19534864549693,28,9.70410835216612,140.31628944882755,-118.12094080333061,-7.851563111031746,False,452,,34.83006879363073
2026,Frank Gore Jr.,frank gore,RB,BUF,365.0,5.0,360.0,370.0,481,134,2026-08-14,0.8429213142151468,10.32611401824339,8.704101598993168,28,9.217244954749557,127.0929008726215,-118.38879927362834,-8.37432364053441,False,481,,36.828033664962206
2026,Tai Felton,tai felton,WR,MIN,349.0,67.89,272.0,457.0,455,161,2026-08-14,1.8185290139626122,11.96833778140212,21.764769504384674,28,9.70410835216612,140.31628944882755,-118.55151994444287,-7.885579338203508,False,455,,35.036754814802954
2026,Cam Akers,cam akers,RB,FA,371.5,66.5,305.0,438.0,487,135,2026-08-14,0.7963014652522773,10.303781345787872,8.204916183289964,28,9.217244954749557,127.0929008726215,-118.88798468933153,-8.42094348949728,False,487,,37.24140570730665
2026,Demarcus Robinson,demarcus robinson,WR,SF,350.17,43.96,305.0,415.0,457,162,2026-08-14,1.7846814246710796,11.955724908423317,21.33716016254044,28,9.70410835216612,140.31628944882755,-118.9791292862871,-7.91942692749504,False,457,,35.17454549558443
2026,Gus Edwards,gus edwards,RB,FA,374.5,62.5,312.0,437.0,490,136,2026-08-14,0.7499616276418131,10.281558430971845,7.7107742955860505,28,9.217244954749557,127.0929008726215,-119.38212657703545,-8.467283327107744,False,490,,37.448091728478865
2026,Tim Patrick,tim patrick,WR,NYJ,356.5,41.5,315.0,398.0,469,163,2026-08-14,1.7510006553058375,11.9431631305152,20.912486467956633,28,9.70410835216612,140.31628944882755,-119.40380298087092,-7.9531076968602825,False,469,,36.00128958027332
2026,Jermaine Burton,jermaine burton,WR,FA,358.33,71.6,293.0,458.0,473,164,2026-08-14,1.7174849181287488,11.930651984381967,20.490714846618857,28,9.70410835216612,140.31628944882755,-119.82557460220869,-7.986623434037371,False,473,,36.27687094183628
2026,Jaydn Ott,jaydn ott,RB,KC,374.5,8.5,366.0,383.0,491,137,2026-08-14,0.703898166114012,10.25944406750549,7.2216038644663945,28,9.217244954749557,127.0929008726215,-119.87129700815511,-8.513346788635545,False,491,,37.516987068869604
2026,David Sills V,david sills,WR,TB,360.0,31.0,329.0,391.0,474,165,2026-08-14,1.6841324549398315,11.918191013216752,20.071812289530566,28,9.70410835216612,140.31628944882755,-120.24447715929698,-8.019975897226288,False,474,,36.34576628222702
2026,Cash Jones,cash jones,RB,ATL,376.5,16.5,360.0,393.0,495,138,2026-08-14,0.6581075179398503,10.237437069593774,6.737334299935774,28,9.217244954749557,127.0929008726215,-120.35556657268573,-8.559137436809706,False,495,,37.79256843043257
2026,Kirk Cousins,kirk cousins,QB,LV,294.38,28.76,212.0,349.0,333,34,2026-08-14,8.486845647951254,13.860501335736833,117.63193543962069,12,17.13447293279512,238.13776965069272,-120.50583421107203,-8.647627284843866,False,333,,26.631523287132637
2026,Deion Burks,deion burks,WR,IND,360.1,42.63,296.0,455.0,475,166,2026-08-14,1.6509415364187152,11.905779766580212,19.655746340100787,28,9.70410835216612,140.31628944882755,-120.66054310872676,-8.053166815747405,False,475,,36.414661622617764
2026,Robert Henry Jr.,robert henry,RB,WAS,379.0,14.65,364.0,399.0,498,139,2026-08-14,0.612586190982217,10.215536271470263,6.257896453380647,28,9.217244954749557,127.0929008726215,-120.83500441924085,-8.60465876376734,False,498,,37.99925445160479
2026,Dyami Brown,dyami brown,WR,WAS,364.89,42.99,301.0,456.0,479,167,2026-08-14,1.6179104614846214,11.893417800281933,19.24248508188355,28,9.70410835216612,140.31628944882755,-121.07380436694399,-8.086197890681499,False,479,,36.69024298418072
2026,Myles Montgomery,myles montgomery,RB,FA,385.0,20.0,365.0,405.0,501,140,2026-08-14,0.5673307618126913,10.193740526944016,5.783222578872053,28,9.217244954749557,127.0929008726215,-121.30967829374944,-8.649914192936865,False,501,,38.20594047277701
2026,Gabe Davis,gabe davis,WR,FA,365.0,88.0,277.0,453.0,480,168,2026-08-14,1.5850375566740524,11.881104676264542,18.831997126655008,28,9.70410835216612,140.31628944882755,-121.48429232217254,-8.119070795492068,False,480,,36.75913832457146
2026,Jimmy Horn Jr.,jimmy horn,WR,CAR,366.0,15.58,344.0,378.0,484,169,2026-08-14,1.5523211755358144,11.86883996249045,18.424251602819627,28,9.70410835216612,140.31628944882755,-121.89203784600792,-8.151787176630306,False,484,,37.03471968613442
2026,JuJu Smith-Schuster,juju smith schuster,WR,NYG,372.5,22.5,350.0,395.0,488,170,2026-08-14,1.5197596980426322,11.856623232831218,18.01921814413283,28,9.70410835216612,140.31628944882755,-122.29707130469473,-8.184348654123488,False,488,,37.310301047697386
2026,Marquez Valdes-Scantling,marquez valdes scantling,WR,DAL,374.5,40.14,318.0,431.0,492,171,2026-08-14,1.487351530018918,11.8444540669594,17.61686687873086,28,9.70410835216612,140.31628944882755,-122.69942257009669,-8.216756822147202,False,492,,37.58588240926035
2026,Lil'Jordan Humphrey,lil jordan humphrey,WR,DEN,379.5,28.5,351.0,408.0,499,172,2026-08-14,1.4550951025840746,11.832332050242837,17.217168418456936,28,9.70410835216612,140.31628944882755,-123.09912103037061,-8.249013249582045,False,499,,38.06814979199553
2026,Juice Wells Jr.,juice wells,WR,ATL,397.0,62.0,335.0,459.0,503,173,2026-08-14,1.4229888716108636,11.820256773641326,16.82009384847454,28,9.70410835216612,140.31628944882755,-123.496195600353,-8.281119480555256,False,503,,38.34373115355849
2026,Jacob Cowing,jacob cowing,WR,SF,411.5,38.5,373.0,450.0,504,174,2026-08-14,1.3910313171984203,11.808227833605633,16.425614717159494,28,9.70410835216612,140.31628944882755,-123.89067473166806,-8.3130770349677,False,504,,38.41262649394923
2026,Shedeur Sanders,shedeur sanders,QB,CLE,295.95,27.4,214.0,350.0,340,35,2026-08-14,8.179792075881684,13.860501335736833,113.37601899380765,12,17.13447293279512,238.13776965069272,-124.76175065688507,-8.954680856913436,False,340,,27.11379066986782
2026,J.J. McCarthy,jj mccarthy,QB,MIN,322.63,18.25,278.0,359.0,389,36,2026-08-14,7.877945568584876,13.860501335736833,109.19227507623273,12,17.13447293279512,238.13776965069272,-128.94549457445999,-9.256527364210244,False,389,,30.489662349014097
2026,Jalen Milroe,jalen milroe,QB,SEA,323.67,48.55,255.0,358.0,391,37,2026-08-14,7.581113820049861,13.860501335736833,105.07803822917407,12,17.13447293279512,238.13776965069272,-133.05973142151865,-9.553359112745259,False,391,,30.627453029795575
2026,Carson Beck,carson beck,QB,ARI,325.69,18.87,286.0,368.0,399,38,2026-08-14,7.289115013611275,13.860501335736833,101.03078838249847,12,17.13447293279512,238.13776965069272,-137.10698126819426,-9.845357919183845,False,399,,31.1786157529215
2026,Cade Klubnik,cade klubnik,QB,NYJ,338.4,20.23,309.0,359.0,421,39,2026-08-14,7.001777108758094,13.860501335736833,97.04814096847313,12,17.13447293279512,238.13776965069272,-141.0896286822196,-10.132695824037025,False,421,,32.69431324151778
2026,Mac Jones,mac jones,QB,SF,338.74,26.65,305.0,444.0,424,40,2026-08-14,6.718937180543826,13.860501335736833,93.12783776565956,12,17.13447293279512,238.13776965069272,-145.00993188503315,-10.415535752251294,False,424,,32.90099926269001
2026,Justin Fields,justin fields,QB,KC,342.09,31.16,214.0,390.0,429,41,2026-08-14,6.440440808402917,13.860501335736833,89.26773842760264,12,17.13447293279512,238.13776965069272,-148.87003122309008,-10.694032124392203,False,429,,33.2454759646437
2026,Ty Simpson,ty simpson,QB,LAR,342.19,25.02,287.0,390.0,430,42,2026-08-14,6.166141511059603,13.860501335736833,85.46581265038397,12,17.13447293279512,238.13776965069272,-152.67195700030874,-10.968331421735517,False,430,,33.31437130503445
2026,Quinn Ewers,quinn ewers,QB,MIA,347.0,28.99,311.0,382.0,444,43,2026-08-14,5.8959002242265495,13.860501335736833,81.72013293326319,12,17.13447293279512,238.13776965069272,-156.41763671742953,-11.23857270856857,False,444,,34.27890607050481
2026,Anthony Richardson Sr.,anthony richardson,QB,IND,348.52,20.75,306.0,381.0,451,44,2026-08-14,5.629584817884826,13.860501335736833,78.02886788793643,12,17.13447293279512,238.13776965069272,-160.1089017627563,-11.504888114910294,False,451,,34.76117345323999
2026,Gardner Minshew II,gardner minshew,QB,ARI,351.0,12.0,339.0,363.0,459,45,2026-08-14,5.367069650081929,13.860501335736833,74.39027605395319,12,17.13447293279512,238.13776965069272,-163.74749359673953,-11.767403282713191,False,459,,35.31233617636592
2026,Joe Flacco,joe flacco,QB,CIN,353.29,25.28,305.0,386.0,463,46,2026-08-14,5.108235154359328,13.860501335736833,70.80270018025531,12,17.13447293279512,238.13776965069272,-167.33506947043742,-12.026237778435792,False,463,,35.587917537928874
2026,Jameis Winston,jameis winston,QB,NYG,354.46,22.97,322.0,398.0,465,47,2026-08-14,4.852967458109449,13.860501335736833,67.2645619354134,12,17.13447293279512,238.13776965069272,-170.8732077152793,-12.281505474685671,False,465,,35.72570821871036
2026,Marcus Mariota,marcus mariota,QB,WAS,356.08,26.74,324.0,398.0,467,48,2026-08-14,4.601158029355037,13.860501335736833,63.77435701181175,12,17.13447293279512,238.13776965069272,-174.36341263888096,-12.533314903440083,False,467,,35.86349889949184
2026,Joe Milton III,joe milton,QB,DAL,356.78,20.91,320.0,388.0,470,49,2026-08-14,4.352703349634316,13.860501335736833,60.33065059167263,12,17.13447293279512,238.13776965069272,-177.8071190590201,-12.781769583160804,False,470,,36.07018492066406
2026,Riley Leonard,riley leonard,QB,IND,371.4,14.73,345.0,386.0,486,50,2026-08-14,4.107504610858484,13.860501335736833,56.93207314534922,12,17.13447293279512,238.13776965069272,-181.2056965053435,-13.026968321936636,False,486,,37.17251036691591
2026,Tyrod Taylor,tyrod taylor,QB,GB,373.0,50.0,323.0,423.0,489,51,2026-08-14,3.8654674341831505,13.860501335736833,53.577316534742785,12,17.13447293279512,238.13776965069272,-184.56045311594994,-13.26900549861197,False,489,,37.379196388088126
2026,Trey Lance,trey lance,QB,LAC,385.0,9.27,377.0,398.0,500,52,2026-08-14,3.6265016090981472,13.860501335736833,50.26513039695664,12,17.13447293279512,238.13776965069272,-187.87263925373608,-13.507971323696973,False,500,,38.13704513238627
